{"type":"files","data":[{"type":"file","data":{"id":"me8rm85323gu2ef9","project_id":"p94spcp8h9ys26xp","label":"set_02_model","contents":{"mid":"me8rm85323gu2ef9","type":"data","title":"set_02_model","functions":[{"persist-mode":"auto","func":"brightics.function.io$load13889","name":"brightics.function.io$load","param":{"partial_path":["/brightics@samsung.com/upload/diabetes.csv"]},"display":{"label":"Load","diagram":{"position":{"x":20,"y":120}},"sheet":{"out":{"partial":[{"panel":[{"id":"default-1673486145036","chartOption":{"colorSet":["#FD026C","#4682B8","#A5D22D","#F5CC0A","#FE8C01","#6B9494","#B97C46","#84ACD0","#C2E173","#F9DD5B","#FE569D","#FEB356","#9CB8B8","#D0A884","#2E6072","#6D8C1E","#A48806","#A90148","#A95E01","#476363","#7B532F"],"title":{"show":true,"text":"","subtext":"","rotate":0,"textStyle":{"color":"#000000","fontSize":12,"fontFamily":""},"subtextStyle":{"color":"#000000","fontSize":12,"fontFamily":""},"left":"50%","top":"0px"},"toolbar":{"show":false,"right":"8px","top":"8px","orientation":"horizontal","menu":{}},"chart":{"border":"1px #000000 none","background":"rgba(255, 255, 255,1)","animationDuration":1000,"type":"table"},"tooltip":{"triggerOn":"mousemove"},"grid":{"left":"10%","right":"10%","top":"60px","bottom":"60px","width":"auto","height":"auto"},"xAxis":[{"selected":[],"title":{"show":true,"text":"","subtext":"","rotate":0,"textStyle":{"color":"#000000","fontSize":12,"fontFamily":""},"subtextStyle":{"color":"#000000","fontSize":12,"fontFamily":""},"left":"50%","bottom":"5px"},"axisTick":{"show":true},"axisLine":{"onZero":false},"scale":true,"axisLabel":{"show":true,"rotate":0,"textStyle":{"color":"#000000","fontSize":12,"fontFamily":""}},"zlevel":1}],"yAxis":[{"selected":[],"title":{"show":true,"text":"","subtext":"","rotate":-90,"textStyle":{"color":"#000000","fontSize":12,"fontFamily":""},"subtextStyle":{"color":"#000000","fontSize":12,"fontFamily":""},"left":"8px","top":"50%"},"axisTick":{"show":true},"axisLine":{"onZero":false},"scale":true,"axisLabel":{"show":true,"rotate":0,"textStyle":{"color":"#000000","fontSize":12,"fontFamily":""}},"zlevel":1}],"colorBy":[{"selected":[]}],"legend":{"show":true,"orientation":"horizontal","left":"50%","right":"auto","top":"10px","bottom":"auto","textStyle":{"color":"#000000","fontSize":12,"fontFamily":"","fontStyle":"normal","fontWeight":"normal","fontDecoration":"none"}},"noDataMessage":"","plotOptions":{"table":{"formatter":[]},"map":{"geoData":{}}},"source":{"dataType":"lazy","lazyData":[]},"guide":{"message":"Set data options using Chart Setting Button."}},"dataSource":{"selectable":true},"style":{},"group":"27v9eg5auhrayn5acxhjn6nr"}],"layout":{"type":"panel","id":"default-1673486145036"}}],"full":[{"panel":[],"layout":{}}]}}},"meta":{"table":{"type":"table"}},"context":"python","version":"3.6","outputs":{"table":"t5u5mtuv7q8pzc9x"},"fid":"feg8kevp8sy37kg2"},{"persist-mode":"auto","func":"selectColumnPython","name":"brightics.function.transform$select_column","context":"python","version":"3.6","param":{"input_cols":["Glucose","BloodPressure","SkinThickness","Insulin","BMI"],"output_cols":["Glucose","BloodPressure","SkinThickness","Insulin","BMI"],"output_types":["double","double","double","double","double"]},"inputs":{"table":"t5u5mtuv7q8pzc9x"},"outputs":{"out_table":"t2hv7puj2rm9av2a"},"meta":{"table":{"type":"table"},"out_table":{"type":"table"}},"display":{"label":"Q1","diagram":{"position":{"x":270,"y":120}},"sheet":{"in":{"partial":[{"panel":[{"id":"default-1673489507853","chartOption":{"colorSet":["#FD026C","#4682B8","#A5D22D","#F5CC0A","#FE8C01","#6B9494","#B97C46","#84ACD0","#C2E173","#F9DD5B","#FE569D","#FEB356","#9CB8B8","#D0A884","#2E6072","#6D8C1E","#A48806","#A90148","#A95E01","#476363","#7B532F"],"title":{"show":true,"text":"","subtext":"","rotate":0,"textStyle":{"color":"#000000","fontSize":12,"fontFamily":""},"subtextStyle":{"color":"#000000","fontSize":12,"fontFamily":""},"left":"50%","top":"0px"},"toolbar":{"show":false,"right":"8px","top":"8px","orientation":"horizontal","menu":{}},"chart":{"border":"1px #000000 none","background":"rgba(255, 255, 255,1)","animationDuration":1000,"type":"table"},"tooltip":{"triggerOn":"mousemove"},"grid":{"left":"10%","right":"10%","top":"60px","bottom":"60px","width":"auto","height":"auto"},"xAxis":[{"selected":[],"title":{"show":true,"text":"","subtext":"","rotate":0,"textStyle":{"color":"#000000","fontSize":12,"fontFamily":""},"subtextStyle":{"color":"#000000","fontSize":12,"fontFamily":""},"left":"50%","bottom":"5px"},"axisTick":{"show":true},"axisLine":{"onZero":false},"scale":true,"axisLabel":{"show":true,"rotate":0,"textStyle":{"color":"#000000","fontSize":12,"fontFamily":""}},"zlevel":1}],"yAxis":[{"selected":[],"title":{"show":true,"text":"","subtext":"","rotate":-90,"textStyle":{"color":"#000000","fontSize":12,"fontFamily":""},"subtextStyle":{"color":"#000000","fontSize":12,"fontFamily":""},"left":"8px","top":"50%"},"axisTick":{"show":true},"axisLine":{"onZero":false},"scale":true,"axisLabel":{"show":true,"rotate":0,"textStyle":{"color":"#000000","fontSize":12,"fontFamily":""}},"zlevel":1}],"colorBy":[{"selected":[]}],"legend":{"show":true,"orientation":"horizontal","left":"50%","right":"auto","top":"10px","bottom":"auto","textStyle":{"color":"#000000","fontSize":12,"fontFamily":"","fontStyle":"normal","fontWeight":"normal","fontDecoration":"none"}},"noDataMessage":"","plotOptions":{"table":{"formatter":[]},"map":{"geoData":{}}},"source":{"dataType":"lazy","lazyData":[]},"guide":{"message":"Set data options using Chart Setting Button."}},"dataSource":{"selectable":true},"style":{},"group":"3ib8s9y2rytk68auhs3kh6hd"}],"layout":{"type":"panel","id":"default-1673489507853"}}],"full":[{"panel":[],"layout":{}}]},"out":{"partial":[{"panel":[{"id":"default-1673489507906","chartOption":{"colorSet":["#FD026C","#4682B8","#A5D22D","#F5CC0A","#FE8C01","#6B9494","#B97C46","#84ACD0","#C2E173","#F9DD5B","#FE569D","#FEB356","#9CB8B8","#D0A884","#2E6072","#6D8C1E","#A48806","#A90148","#A95E01","#476363","#7B532F"],"title":{"show":true,"text":"","subtext":"","rotate":0,"textStyle":{"color":"#000000","fontSize":12,"fontFamily":""},"subtextStyle":{"color":"#000000","fontSize":12,"fontFamily":""},"left":"50%","top":"0px"},"toolbar":{"show":false,"right":"8px","top":"8px","orientation":"horizontal","menu":{}},"chart":{"border":"1px #000000 none","background":"rgba(255, 255, 255,1)","animationDuration":1000,"type":"table"},"tooltip":{"triggerOn":"mousemove"},"grid":{"left":"10%","right":"10%","top":"60px","bottom":"60px","width":"auto","height":"auto"},"xAxis":[{"selected":[],"title":{"show":true,"text":"","subtext":"","rotate":0,"textStyle":{"color":"#000000","fontSize":12,"fontFamily":""},"subtextStyle":{"color":"#000000","fontSize":12,"fontFamily":""},"left":"50%","bottom":"5px"},"axisTick":{"show":true},"axisLine":{"onZero":false},"scale":true,"axisLabel":{"show":true,"rotate":0,"textStyle":{"color":"#000000","fontSize":12,"fontFamily":""}},"zlevel":1}],"yAxis":[{"selected":[],"title":{"show":true,"text":"","subtext":"","rotate":-90,"textStyle":{"color":"#000000","fontSize":12,"fontFamily":""},"subtextStyle":{"color":"#000000","fontSize":12,"fontFamily":""},"left":"8px","top":"50%"},"axisTick":{"show":true},"axisLine":{"onZero":false},"scale":true,"axisLabel":{"show":true,"rotate":0,"textStyle":{"color":"#000000","fontSize":12,"fontFamily":""}},"zlevel":1}],"colorBy":[{"selected":[]}],"legend":{"show":true,"orientation":"horizontal","left":"50%","right":"auto","top":"10px","bottom":"auto","textStyle":{"color":"#000000","fontSize":12,"fontFamily":"","fontStyle":"normal","fontWeight":"normal","fontDecoration":"none"}},"noDataMessage":"","plotOptions":{"table":{"formatter":[]},"map":{"geoData":{}}},"source":{"dataType":"lazy","lazyData":[]},"guide":{"message":"Set data options using Chart Setting Button."}},"dataSource":{"selectable":true},"style":{},"group":"bzd3e93mu9nfmp6sgvabp6xv"}],"layout":{"type":"panel","id":"default-1673489507906"}}],"full":[{"panel":[],"layout":{}}]}},"description":""},"fid":"fjdxg652kx56mfab"},{"persist-mode":"auto","func":"addFunctionColumnsPython","name":"brightics.function.transform$sql_execute","context":"python","version":"3.6","param":{"query":"SELECT *, \n(Glucose == 0) + 0 as `is_x1_0`, \n(BloodPressure == 0) + 0 as `is_x2_0`, \n(SkinThickness == 0) + 0 as `is_x3_0`, \n(Insulin == 0) + 0 as `is_x4_0`, \n(BMI == 0) + 0 as `is_x5_0`\nFROM #{DF(0)}"},"inputs":{"tables":"t2hv7puj2rm9av2a"},"outputs":{"out_table":"tjxrd8rj4f2b29w5"},"meta":{"tables":{"type":"table"},"out_table":{"type":"table"}},"display":{"label":"Add Function Columns","diagram":{"position":{"x":520,"y":120}},"sheet":{"in":{"partial":[{"panel":[{"id":"default-1673489625999","chartOption":{"colorSet":["#FD026C","#4682B8","#A5D22D","#F5CC0A","#FE8C01","#6B9494","#B97C46","#84ACD0","#C2E173","#F9DD5B","#FE569D","#FEB356","#9CB8B8","#D0A884","#2E6072","#6D8C1E","#A48806","#A90148","#A95E01","#476363","#7B532F"],"title":{"show":true,"text":"","subtext":"","rotate":0,"textStyle":{"color":"#000000","fontSize":12,"fontFamily":""},"subtextStyle":{"color":"#000000","fontSize":12,"fontFamily":""},"left":"50%","top":"0px"},"toolbar":{"show":false,"right":"8px","top":"8px","orientation":"horizontal","menu":{}},"chart":{"border":"1px #000000 none","background":"rgba(255, 255, 255,1)","animationDuration":1000,"type":"table"},"tooltip":{"triggerOn":"mousemove"},"grid":{"left":"10%","right":"10%","top":"60px","bottom":"60px","width":"auto","height":"auto"},"xAxis":[{"selected":[],"title":{"show":true,"text":"","subtext":"","rotate":0,"textStyle":{"color":"#000000","fontSize":12,"fontFamily":""},"subtextStyle":{"color":"#000000","fontSize":12,"fontFamily":""},"left":"50%","bottom":"5px"},"axisTick":{"show":true},"axisLine":{"onZero":false},"scale":true,"axisLabel":{"show":true,"rotate":0,"textStyle":{"color":"#000000","fontSize":12,"fontFamily":""}},"zlevel":1}],"yAxis":[{"selected":[],"title":{"show":true,"text":"","subtext":"","rotate":-90,"textStyle":{"color":"#000000","fontSize":12,"fontFamily":""},"subtextStyle":{"color":"#000000","fontSize":12,"fontFamily":""},"left":"8px","top":"50%"},"axisTick":{"show":true},"axisLine":{"onZero":false},"scale":true,"axisLabel":{"show":true,"rotate":0,"textStyle":{"color":"#000000","fontSize":12,"fontFamily":""}},"zlevel":1}],"colorBy":[{"selected":[]}],"legend":{"show":true,"orientation":"horizontal","left":"50%","right":"auto","top":"10px","bottom":"auto","textStyle":{"color":"#000000","fontSize":12,"fontFamily":"","fontStyle":"normal","fontWeight":"normal","fontDecoration":"none"}},"noDataMessage":"","plotOptions":{"table":{"formatter":[]},"map":{"geoData":{}}},"source":{"dataType":"lazy","lazyData":[]},"guide":{"message":"Set data options using Chart Setting Button."}},"dataSource":{"selectable":true},"style":{},"group":"4b4nkzupry659qjs75pxw6da"}],"layout":{"type":"panel","id":"default-1673489625999"}}],"full":[{"panel":[],"layout":{}}]},"out":{"partial":[{"panel":[{"id":"default-1673489626030","chartOption":{"colorSet":["#FD026C","#4682B8","#A5D22D","#F5CC0A","#FE8C01","#6B9494","#B97C46","#84ACD0","#C2E173","#F9DD5B","#FE569D","#FEB356","#9CB8B8","#D0A884","#2E6072","#6D8C1E","#A48806","#A90148","#A95E01","#476363","#7B532F"],"title":{"show":true,"text":"","subtext":"","rotate":0,"textStyle":{"color":"#000000","fontSize":12,"fontFamily":""},"subtextStyle":{"color":"#000000","fontSize":12,"fontFamily":""},"left":"50%","top":"0px"},"toolbar":{"show":false,"right":"8px","top":"8px","orientation":"horizontal","menu":{}},"chart":{"border":"1px #000000 none","background":"rgba(255, 255, 255,1)","animationDuration":1000,"type":"table"},"tooltip":{"triggerOn":"mousemove"},"grid":{"left":"10%","right":"10%","top":"60px","bottom":"60px","width":"auto","height":"auto"},"xAxis":[{"selected":[],"title":{"show":true,"text":"","subtext":"","rotate":0,"textStyle":{"color":"#000000","fontSize":12,"fontFamily":""},"subtextStyle":{"color":"#000000","fontSize":12,"fontFamily":""},"left":"50%","bottom":"5px"},"axisTick":{"show":true},"axisLine":{"onZero":false},"scale":true,"axisLabel":{"show":true,"rotate":0,"textStyle":{"color":"#000000","fontSize":12,"fontFamily":""}},"zlevel":1}],"yAxis":[{"selected":[],"title":{"show":true,"text":"","subtext":"","rotate":-90,"textStyle":{"color":"#000000","fontSize":12,"fontFamily":""},"subtextStyle":{"color":"#000000","fontSize":12,"fontFamily":""},"left":"8px","top":"50%"},"axisTick":{"show":true},"axisLine":{"onZero":false},"scale":true,"axisLabel":{"show":true,"rotate":0,"textStyle":{"color":"#000000","fontSize":12,"fontFamily":""}},"zlevel":1}],"colorBy":[{"selected":[]}],"legend":{"show":true,"orientation":"horizontal","left":"50%","right":"auto","top":"10px","bottom":"auto","textStyle":{"color":"#000000","fontSize":12,"fontFamily":"","fontStyle":"normal","fontWeight":"normal","fontDecoration":"none"}},"noDataMessage":"","plotOptions":{"table":{"formatter":[]},"map":{"geoData":{}}},"source":{"dataType":"lazy","lazyData":[]},"guide":{"message":"Set data options using Chart Setting Button."}},"dataSource":{"selectable":true},"style":{},"group":"2mb72s4rhbcv5gtfadg4yc8s"}],"layout":{"type":"panel","id":"default-1673489626030"}}],"full":[{"panel":[],"layout":{}}]}}},"fid":"f429cefuqvh6w4qn"},{"persist-mode":"auto","func":"addColumnPython","name":"brightics.function.extraction$add_expression_column","context":"python","version":"3.6","param":{"expr_type":"sqlite","new_cols":["zero_cnt"],"formulas":["is_x1_0 + is_x2_0 + is_x3_0 + is_x4_0 + is_x5_0"]},"inputs":{"table":"tjxrd8rj4f2b29w5"},"outputs":{"out_table":"tnzmc2c3zkut3qes"},"meta":{"table":{"type":"table"},"out_table":{"type":"table"}},"display":{"label":"Add Function Column","diagram":{"position":{"x":770,"y":120}},"sheet":{"in":{"partial":[{"panel":[{"id":"default-1673489763108","chartOption":{"colorSet":["#FD026C","#4682B8","#A5D22D","#F5CC0A","#FE8C01","#6B9494","#B97C46","#84ACD0","#C2E173","#F9DD5B","#FE569D","#FEB356","#9CB8B8","#D0A884","#2E6072","#6D8C1E","#A48806","#A90148","#A95E01","#476363","#7B532F"],"title":{"show":true,"text":"","subtext":"","rotate":0,"textStyle":{"color":"#000000","fontSize":12,"fontFamily":""},"subtextStyle":{"color":"#000000","fontSize":12,"fontFamily":""},"left":"50%","top":"0px"},"toolbar":{"show":false,"right":"8px","top":"8px","orientation":"horizontal","menu":{}},"chart":{"border":"1px #000000 none","background":"rgba(255, 255, 255,1)","animationDuration":1000,"type":"table"},"tooltip":{"triggerOn":"mousemove"},"grid":{"left":"10%","right":"10%","top":"60px","bottom":"60px","width":"auto","height":"auto"},"xAxis":[{"selected":[],"title":{"show":true,"text":"","subtext":"","rotate":0,"textStyle":{"color":"#000000","fontSize":12,"fontFamily":""},"subtextStyle":{"color":"#000000","fontSize":12,"fontFamily":""},"left":"50%","bottom":"5px"},"axisTick":{"show":true},"axisLine":{"onZero":false},"scale":true,"axisLabel":{"show":true,"rotate":0,"textStyle":{"color":"#000000","fontSize":12,"fontFamily":""}},"zlevel":1}],"yAxis":[{"selected":[],"title":{"show":true,"text":"","subtext":"","rotate":-90,"textStyle":{"color":"#000000","fontSize":12,"fontFamily":""},"subtextStyle":{"color":"#000000","fontSize":12,"fontFamily":""},"left":"8px","top":"50%"},"axisTick":{"show":true},"axisLine":{"onZero":false},"scale":true,"axisLabel":{"show":true,"rotate":0,"textStyle":{"color":"#000000","fontSize":12,"fontFamily":""}},"zlevel":1}],"colorBy":[{"selected":[]}],"legend":{"show":true,"orientation":"horizontal","left":"50%","right":"auto","top":"10px","bottom":"auto","textStyle":{"color":"#000000","fontSize":12,"fontFamily":"","fontStyle":"normal","fontWeight":"normal","fontDecoration":"none"}},"noDataMessage":"","plotOptions":{"table":{"formatter":[]},"map":{"geoData":{}}},"source":{"dataType":"lazy","lazyData":[]},"guide":{"message":"Set data options using Chart Setting Button."}},"dataSource":{"selectable":true},"style":{},"group":"8uvjubg23ges4kevircgpn3y"}],"layout":{"type":"panel","id":"default-1673489763108"}}],"full":[{"panel":[],"layout":{}}]},"out":{"partial":[{"panel":[{"id":"default-1673489763130","chartOption":{"colorSet":["#FD026C","#4682B8","#A5D22D","#F5CC0A","#FE8C01","#6B9494","#B97C46","#84ACD0","#C2E173","#F9DD5B","#FE569D","#FEB356","#9CB8B8","#D0A884","#2E6072","#6D8C1E","#A48806","#A90148","#A95E01","#476363","#7B532F"],"title":{"show":true,"text":"","subtext":"","rotate":0,"textStyle":{"color":"#000000","fontSize":12,"fontFamily":""},"subtextStyle":{"color":"#000000","fontSize":12,"fontFamily":""},"left":"50%","top":"0px"},"toolbar":{"show":false,"right":"8px","top":"8px","orientation":"horizontal","menu":{}},"chart":{"border":"1px #000000 none","background":"rgba(255, 255, 255,1)","animationDuration":1000,"type":"table"},"tooltip":{"triggerOn":"mousemove"},"grid":{"left":"10%","right":"10%","top":"60px","bottom":"60px","width":"auto","height":"auto"},"xAxis":[{"selected":[],"title":{"show":true,"text":"","subtext":"","rotate":0,"textStyle":{"color":"#000000","fontSize":12,"fontFamily":""},"subtextStyle":{"color":"#000000","fontSize":12,"fontFamily":""},"left":"50%","bottom":"5px"},"axisTick":{"show":true},"axisLine":{"onZero":false},"scale":true,"axisLabel":{"show":true,"rotate":0,"textStyle":{"color":"#000000","fontSize":12,"fontFamily":""}},"zlevel":1}],"yAxis":[{"selected":[],"title":{"show":true,"text":"","subtext":"","rotate":-90,"textStyle":{"color":"#000000","fontSize":12,"fontFamily":""},"subtextStyle":{"color":"#000000","fontSize":12,"fontFamily":""},"left":"8px","top":"50%"},"axisTick":{"show":true},"axisLine":{"onZero":false},"scale":true,"axisLabel":{"show":true,"rotate":0,"textStyle":{"color":"#000000","fontSize":12,"fontFamily":""}},"zlevel":1}],"colorBy":[{"selected":[]}],"legend":{"show":true,"orientation":"horizontal","left":"50%","right":"auto","top":"10px","bottom":"auto","textStyle":{"color":"#000000","fontSize":12,"fontFamily":"","fontStyle":"normal","fontWeight":"normal","fontDecoration":"none"}},"noDataMessage":"","plotOptions":{"table":{"formatter":[]},"map":{"geoData":{}}},"source":{"dataType":"lazy","lazyData":[]},"guide":{"message":"Set data options using Chart Setting Button."}},"dataSource":{"selectable":true},"style":{},"group":"4aa8346yh7q55casqwkyhhv9"}],"layout":{"type":"panel","id":"default-1673489763130"}}],"full":[{"panel":[],"layout":{}}]}}},"fid":"fhqcqq3qpr9887es"},{"persist-mode":"auto","func":"addColumnIfPython","name":"brightics.function.extraction$add_expression_column_if","context":"python","version":"3.6","param":{"expr_type":"sqlite","new_col":"cnt_up1","conditions":["zero_cnt >= 1"],"values":[1],"else_value":0},"inputs":{"table":"tnzmc2c3zkut3qes"},"outputs":{"out_table":"twy8z2tmg5zqpje9"},"meta":{"table":{"type":"table"},"out_table":{"type":"table"}},"display":{"label":"Add Column","diagram":{"position":{"x":1020,"y":120}},"sheet":{"in":{"partial":[{"panel":[{"id":"default-1673489872751","chartOption":{"colorSet":["#FD026C","#4682B8","#A5D22D","#F5CC0A","#FE8C01","#6B9494","#B97C46","#84ACD0","#C2E173","#F9DD5B","#FE569D","#FEB356","#9CB8B8","#D0A884","#2E6072","#6D8C1E","#A48806","#A90148","#A95E01","#476363","#7B532F"],"title":{"show":true,"text":"","subtext":"","rotate":0,"textStyle":{"color":"#000000","fontSize":12,"fontFamily":""},"subtextStyle":{"color":"#000000","fontSize":12,"fontFamily":""},"left":"50%","top":"0px"},"toolbar":{"show":false,"right":"8px","top":"8px","orientation":"horizontal","menu":{}},"chart":{"border":"1px #000000 none","background":"rgba(255, 255, 255,1)","animationDuration":1000,"type":"table"},"tooltip":{"triggerOn":"mousemove"},"grid":{"left":"10%","right":"10%","top":"60px","bottom":"60px","width":"auto","height":"auto"},"xAxis":[{"selected":[],"title":{"show":true,"text":"","subtext":"","rotate":0,"textStyle":{"color":"#000000","fontSize":12,"fontFamily":""},"subtextStyle":{"color":"#000000","fontSize":12,"fontFamily":""},"left":"50%","bottom":"5px"},"axisTick":{"show":true},"axisLine":{"onZero":false},"scale":true,"axisLabel":{"show":true,"rotate":0,"textStyle":{"color":"#000000","fontSize":12,"fontFamily":""}},"zlevel":1}],"yAxis":[{"selected":[],"title":{"show":true,"text":"","subtext":"","rotate":-90,"textStyle":{"color":"#000000","fontSize":12,"fontFamily":""},"subtextStyle":{"color":"#000000","fontSize":12,"fontFamily":""},"left":"8px","top":"50%"},"axisTick":{"show":true},"axisLine":{"onZero":false},"scale":true,"axisLabel":{"show":true,"rotate":0,"textStyle":{"color":"#000000","fontSize":12,"fontFamily":""}},"zlevel":1}],"colorBy":[{"selected":[]}],"legend":{"show":true,"orientation":"horizontal","left":"50%","right":"auto","top":"10px","bottom":"auto","textStyle":{"color":"#000000","fontSize":12,"fontFamily":"","fontStyle":"normal","fontWeight":"normal","fontDecoration":"none"}},"noDataMessage":"","plotOptions":{"table":{"formatter":[]},"map":{"geoData":{}}},"source":{"dataType":"lazy","lazyData":[]},"guide":{"message":"Set data options using Chart Setting Button."}},"dataSource":{"selectable":true},"style":{},"group":"giqs5b27qzhtyvsvah4c2aa2"}],"layout":{"type":"panel","id":"default-1673489872751"}}],"full":[{"panel":[],"layout":{}}]},"out":{"partial":[{"panel":[{"id":"default-1673489872810","chartOption":{"colorSet":["#FD026C","#4682B8","#A5D22D","#F5CC0A","#FE8C01","#6B9494","#B97C46","#84ACD0","#C2E173","#F9DD5B","#FE569D","#FEB356","#9CB8B8","#D0A884","#2E6072","#6D8C1E","#A48806","#A90148","#A95E01","#476363","#7B532F"],"title":{"show":true,"text":"","subtext":"","rotate":0,"textStyle":{"color":"#000000","fontSize":12,"fontFamily":""},"subtextStyle":{"color":"#000000","fontSize":12,"fontFamily":""},"left":"50%","top":"0px"},"toolbar":{"show":false,"right":"8px","top":"8px","orientation":"horizontal","menu":{}},"chart":{"border":"1px #000000 none","background":"rgba(255, 255, 255,1)","animationDuration":1000,"type":"table"},"tooltip":{"triggerOn":"mousemove"},"grid":{"left":"10%","right":"10%","top":"60px","bottom":"60px","width":"auto","height":"auto"},"xAxis":[{"selected":[],"title":{"show":true,"text":"","subtext":"","rotate":0,"textStyle":{"color":"#000000","fontSize":12,"fontFamily":""},"subtextStyle":{"color":"#000000","fontSize":12,"fontFamily":""},"left":"50%","bottom":"5px"},"axisTick":{"show":true},"axisLine":{"onZero":false},"scale":true,"axisLabel":{"show":true,"rotate":0,"textStyle":{"color":"#000000","fontSize":12,"fontFamily":""}},"zlevel":1}],"yAxis":[{"selected":[],"title":{"show":true,"text":"","subtext":"","rotate":-90,"textStyle":{"color":"#000000","fontSize":12,"fontFamily":""},"subtextStyle":{"color":"#000000","fontSize":12,"fontFamily":""},"left":"8px","top":"50%"},"axisTick":{"show":true},"axisLine":{"onZero":false},"scale":true,"axisLabel":{"show":true,"rotate":0,"textStyle":{"color":"#000000","fontSize":12,"fontFamily":""}},"zlevel":1}],"colorBy":[{"selected":[]}],"legend":{"show":true,"orientation":"horizontal","left":"50%","right":"auto","top":"10px","bottom":"auto","textStyle":{"color":"#000000","fontSize":12,"fontFamily":"","fontStyle":"normal","fontWeight":"normal","fontDecoration":"none"}},"noDataMessage":"","plotOptions":{"table":{"formatter":[]},"map":{"geoData":{}}},"source":{"dataType":"lazy","lazyData":[]},"guide":{"message":"Set data options using Chart Setting Button."}},"dataSource":{"selectable":true},"style":{},"group":"mnpkmxirhnfra9qb5p6xmvts"}],"layout":{"type":"panel","id":"default-1673489872810"}}],"full":[{"panel":[],"layout":{}}]}}},"fid":"fdwshe6xt7kg25x7"},{"persist-mode":"auto","func":"brightics.function.statistics$statistic_summary80870","name":"brightics.function.statistics$statistic_summary","param":{"statistics":["num_of_value"],"input_cols":["cnt_up1"],"group_by":["cnt_up1"]},"display":{"label":"Statistic Summary","diagram":{"position":{"x":1270,"y":120}},"sheet":{"in":{"partial":[{"panel":[{"id":"default-1673489952226","chartOption":{"colorSet":["#FD026C","#4682B8","#A5D22D","#F5CC0A","#FE8C01","#6B9494","#B97C46","#84ACD0","#C2E173","#F9DD5B","#FE569D","#FEB356","#9CB8B8","#D0A884","#2E6072","#6D8C1E","#A48806","#A90148","#A95E01","#476363","#7B532F"],"title":{"show":true,"text":"","subtext":"","rotate":0,"textStyle":{"color":"#000000","fontSize":12,"fontFamily":""},"subtextStyle":{"color":"#000000","fontSize":12,"fontFamily":""},"left":"50%","top":"0px"},"toolbar":{"show":false,"right":"8px","top":"8px","orientation":"horizontal","menu":{}},"chart":{"border":"1px #000000 none","background":"rgba(255, 255, 255,1)","animationDuration":1000,"type":"table"},"tooltip":{"triggerOn":"mousemove"},"grid":{"left":"10%","right":"10%","top":"60px","bottom":"60px","width":"auto","height":"auto"},"xAxis":[{"selected":[],"title":{"show":true,"text":"","subtext":"","rotate":0,"textStyle":{"color":"#000000","fontSize":12,"fontFamily":""},"subtextStyle":{"color":"#000000","fontSize":12,"fontFamily":""},"left":"50%","bottom":"5px"},"axisTick":{"show":true},"axisLine":{"onZero":false},"scale":true,"axisLabel":{"show":true,"rotate":0,"textStyle":{"color":"#000000","fontSize":12,"fontFamily":""}},"zlevel":1}],"yAxis":[{"selected":[],"title":{"show":true,"text":"","subtext":"","rotate":-90,"textStyle":{"color":"#000000","fontSize":12,"fontFamily":""},"subtextStyle":{"color":"#000000","fontSize":12,"fontFamily":""},"left":"8px","top":"50%"},"axisTick":{"show":true},"axisLine":{"onZero":false},"scale":true,"axisLabel":{"show":true,"rotate":0,"textStyle":{"color":"#000000","fontSize":12,"fontFamily":""}},"zlevel":1}],"colorBy":[{"selected":[]}],"legend":{"show":true,"orientation":"horizontal","left":"50%","right":"auto","top":"10px","bottom":"auto","textStyle":{"color":"#000000","fontSize":12,"fontFamily":"","fontStyle":"normal","fontWeight":"normal","fontDecoration":"none"}},"noDataMessage":"","plotOptions":{"table":{"formatter":[]},"map":{"geoData":{}}},"source":{"dataType":"lazy","lazyData":[]},"guide":{"message":"Set data options using Chart Setting Button."}},"dataSource":{"selectable":true},"style":{},"group":"wteq6fqxfrwk6kenmkxdga9m"}],"layout":{"type":"panel","id":"default-1673489952226"}}],"full":[{"panel":[],"layout":{}}]},"out":{"partial":[{"panel":[{"id":"default-1673489952270","chartOption":{"colorSet":["#FD026C","#4682B8","#A5D22D","#F5CC0A","#FE8C01","#6B9494","#B97C46","#84ACD0","#C2E173","#F9DD5B","#FE569D","#FEB356","#9CB8B8","#D0A884","#2E6072","#6D8C1E","#A48806","#A90148","#A95E01","#476363","#7B532F"],"title":{"show":true,"text":"","subtext":"","rotate":0,"textStyle":{"color":"#000000","fontSize":12,"fontFamily":""},"subtextStyle":{"color":"#000000","fontSize":12,"fontFamily":""},"left":"50%","top":"0px"},"toolbar":{"show":false,"right":"8px","top":"8px","orientation":"horizontal","menu":{}},"chart":{"border":"1px #000000 none","background":"rgba(255, 255, 255,1)","animationDuration":1000,"type":"table"},"tooltip":{"triggerOn":"mousemove"},"grid":{"left":"10%","right":"10%","top":"60px","bottom":"60px","width":"auto","height":"auto"},"xAxis":[{"selected":[],"title":{"show":true,"text":"","subtext":"","rotate":0,"textStyle":{"color":"#000000","fontSize":12,"fontFamily":""},"subtextStyle":{"color":"#000000","fontSize":12,"fontFamily":""},"left":"50%","bottom":"5px"},"axisTick":{"show":true},"axisLine":{"onZero":false},"scale":true,"axisLabel":{"show":true,"rotate":0,"textStyle":{"color":"#000000","fontSize":12,"fontFamily":""}},"zlevel":1}],"yAxis":[{"selected":[],"title":{"show":true,"text":"","subtext":"","rotate":-90,"textStyle":{"color":"#000000","fontSize":12,"fontFamily":""},"subtextStyle":{"color":"#000000","fontSize":12,"fontFamily":""},"left":"8px","top":"50%"},"axisTick":{"show":true},"axisLine":{"onZero":false},"scale":true,"axisLabel":{"show":true,"rotate":0,"textStyle":{"color":"#000000","fontSize":12,"fontFamily":""}},"zlevel":1}],"colorBy":[{"selected":[]}],"legend":{"show":true,"orientation":"horizontal","left":"50%","right":"auto","top":"10px","bottom":"auto","textStyle":{"color":"#000000","fontSize":12,"fontFamily":"","fontStyle":"normal","fontWeight":"normal","fontDecoration":"none"}},"noDataMessage":"","plotOptions":{"table":{"formatter":[]},"map":{"geoData":{}}},"source":{"dataType":"lazy","lazyData":[]},"guide":{"message":"Set data options using Chart Setting Button."}},"dataSource":{"selectable":true},"style":{},"group":"uqib9d26ma6cvnswwfw57xhd"}],"layout":{"type":"panel","id":"default-1673489952270"}}],"full":[{"panel":[],"layout":{}}]}}},"meta":{"table":{"type":"table"},"out_table":{"type":"table"}},"context":"python","version":"3.6","inputs":{"table":"twy8z2tmg5zqpje9"},"outputs":{"out_table":"tdcd5zk2558pvn9d"},"fid":"fc8scjrg3qda422p"},{"persist-mode":"auto","func":"selectColumnPython","name":"brightics.function.transform$select_column","context":"python","version":"3.6","param":{"input_cols":["Pregnancies","BMI","Age"],"output_cols":["Pregnancies","BMI","Age"],"output_types":["double","double","double"]},"inputs":{"table":"t5u5mtuv7q8pzc9x"},"outputs":{"out_table":"tsk3ts9kbrkrrg9d"},"meta":{"table":{"type":"table"},"out_table":{"type":"table"}},"display":{"label":"Q2","diagram":{"position":{"x":270,"y":220}},"sheet":{"in":{"partial":[{"panel":[{"id":"default-1673490049256","chartOption":{"colorSet":["#FD026C","#4682B8","#A5D22D","#F5CC0A","#FE8C01","#6B9494","#B97C46","#84ACD0","#C2E173","#F9DD5B","#FE569D","#FEB356","#9CB8B8","#D0A884","#2E6072","#6D8C1E","#A48806","#A90148","#A95E01","#476363","#7B532F"],"title":{"show":true,"text":"","subtext":"","rotate":0,"textStyle":{"color":"#000000","fontSize":12,"fontFamily":""},"subtextStyle":{"color":"#000000","fontSize":12,"fontFamily":""},"left":"50%","top":"0px"},"toolbar":{"show":false,"right":"8px","top":"8px","orientation":"horizontal","menu":{}},"chart":{"border":"1px #000000 none","background":"rgba(255, 255, 255,1)","animationDuration":1000,"type":"table"},"tooltip":{"triggerOn":"mousemove"},"grid":{"left":"10%","right":"10%","top":"60px","bottom":"60px","width":"auto","height":"auto"},"xAxis":[{"selected":[],"title":{"show":true,"text":"","subtext":"","rotate":0,"textStyle":{"color":"#000000","fontSize":12,"fontFamily":""},"subtextStyle":{"color":"#000000","fontSize":12,"fontFamily":""},"left":"50%","bottom":"5px"},"axisTick":{"show":true},"axisLine":{"onZero":false},"scale":true,"axisLabel":{"show":true,"rotate":0,"textStyle":{"color":"#000000","fontSize":12,"fontFamily":""}},"zlevel":1}],"yAxis":[{"selected":[],"title":{"show":true,"text":"","subtext":"","rotate":-90,"textStyle":{"color":"#000000","fontSize":12,"fontFamily":""},"subtextStyle":{"color":"#000000","fontSize":12,"fontFamily":""},"left":"8px","top":"50%"},"axisTick":{"show":true},"axisLine":{"onZero":false},"scale":true,"axisLabel":{"show":true,"rotate":0,"textStyle":{"color":"#000000","fontSize":12,"fontFamily":""}},"zlevel":1}],"colorBy":[{"selected":[]}],"legend":{"show":true,"orientation":"horizontal","left":"50%","right":"auto","top":"10px","bottom":"auto","textStyle":{"color":"#000000","fontSize":12,"fontFamily":"","fontStyle":"normal","fontWeight":"normal","fontDecoration":"none"}},"noDataMessage":"","plotOptions":{"table":{"formatter":[]},"map":{"geoData":{}}},"source":{"dataType":"lazy","lazyData":[]},"guide":{"message":"Set data options using Chart Setting Button."}},"dataSource":{"selectable":true},"style":{},"group":"78jhgwtzcugx8wc5fiknd5gv"}],"layout":{"type":"panel","id":"default-1673490049256"}}],"full":[{"panel":[],"layout":{}}]},"out":{"partial":[{"panel":[{"id":"default-1673490049323","chartOption":{"colorSet":["#FD026C","#4682B8","#A5D22D","#F5CC0A","#FE8C01","#6B9494","#B97C46","#84ACD0","#C2E173","#F9DD5B","#FE569D","#FEB356","#9CB8B8","#D0A884","#2E6072","#6D8C1E","#A48806","#A90148","#A95E01","#476363","#7B532F"],"title":{"show":true,"text":"","subtext":"","rotate":0,"textStyle":{"color":"#000000","fontSize":12,"fontFamily":""},"subtextStyle":{"color":"#000000","fontSize":12,"fontFamily":""},"left":"50%","top":"0px"},"toolbar":{"show":false,"right":"8px","top":"8px","orientation":"horizontal","menu":{}},"chart":{"border":"1px #000000 none","background":"rgba(255, 255, 255,1)","animationDuration":1000,"type":"table"},"tooltip":{"triggerOn":"mousemove"},"grid":{"left":"10%","right":"10%","top":"60px","bottom":"60px","width":"auto","height":"auto"},"xAxis":[{"selected":[],"title":{"show":true,"text":"","subtext":"","rotate":0,"textStyle":{"color":"#000000","fontSize":12,"fontFamily":""},"subtextStyle":{"color":"#000000","fontSize":12,"fontFamily":""},"left":"50%","bottom":"5px"},"axisTick":{"show":true},"axisLine":{"onZero":false},"scale":true,"axisLabel":{"show":true,"rotate":0,"textStyle":{"color":"#000000","fontSize":12,"fontFamily":""}},"zlevel":1}],"yAxis":[{"selected":[],"title":{"show":true,"text":"","subtext":"","rotate":-90,"textStyle":{"color":"#000000","fontSize":12,"fontFamily":""},"subtextStyle":{"color":"#000000","fontSize":12,"fontFamily":""},"left":"8px","top":"50%"},"axisTick":{"show":true},"axisLine":{"onZero":false},"scale":true,"axisLabel":{"show":true,"rotate":0,"textStyle":{"color":"#000000","fontSize":12,"fontFamily":""}},"zlevel":1}],"colorBy":[{"selected":[]}],"legend":{"show":true,"orientation":"horizontal","left":"50%","right":"auto","top":"10px","bottom":"auto","textStyle":{"color":"#000000","fontSize":12,"fontFamily":"","fontStyle":"normal","fontWeight":"normal","fontDecoration":"none"}},"noDataMessage":"","plotOptions":{"table":{"formatter":[]},"map":{"geoData":{}}},"source":{"dataType":"lazy","lazyData":[]},"guide":{"message":"Set data options using Chart Setting Button."}},"dataSource":{"selectable":true},"style":{},"group":"tjx985wuza44ziftu54bukdc"}],"layout":{"type":"panel","id":"default-1673490049323"}}],"full":[{"panel":[],"layout":{}}]}},"description":""},"fid":"fatagea557qpsab2"},{"persist-mode":"auto","func":"simpleFilterPython","name":"brightics.function.manipulation$simple_filter","context":"python","version":"3.6","param":{"main_operator":"and","input_cols":["BMI","Pregnancies"],"operators":["!=","=="],"operands":["0","0"]},"inputs":{"table":"tsk3ts9kbrkrrg9d"},"outputs":{"out_table":"tkach9v9z6wfsvbz"},"meta":{"table":{"type":"table"},"out_table":{"type":"table"}},"display":{"label":"Filter","diagram":{"position":{"x":520,"y":220}},"sheet":{"in":{"partial":[{"panel":[{"id":"default-1673490094560","chartOption":{"colorSet":["#FD026C","#4682B8","#A5D22D","#F5CC0A","#FE8C01","#6B9494","#B97C46","#84ACD0","#C2E173","#F9DD5B","#FE569D","#FEB356","#9CB8B8","#D0A884","#2E6072","#6D8C1E","#A48806","#A90148","#A95E01","#476363","#7B532F"],"title":{"show":true,"text":"","subtext":"","rotate":0,"textStyle":{"color":"#000000","fontSize":12,"fontFamily":""},"subtextStyle":{"color":"#000000","fontSize":12,"fontFamily":""},"left":"50%","top":"0px"},"toolbar":{"show":false,"right":"8px","top":"8px","orientation":"horizontal","menu":{}},"chart":{"border":"1px #000000 none","background":"rgba(255, 255, 255,1)","animationDuration":1000,"type":"table"},"tooltip":{"triggerOn":"mousemove"},"grid":{"left":"10%","right":"10%","top":"60px","bottom":"60px","width":"auto","height":"auto"},"xAxis":[{"selected":[],"title":{"show":true,"text":"","subtext":"","rotate":0,"textStyle":{"color":"#000000","fontSize":12,"fontFamily":""},"subtextStyle":{"color":"#000000","fontSize":12,"fontFamily":""},"left":"50%","bottom":"5px"},"axisTick":{"show":true},"axisLine":{"onZero":false},"scale":true,"axisLabel":{"show":true,"rotate":0,"textStyle":{"color":"#000000","fontSize":12,"fontFamily":""}},"zlevel":1}],"yAxis":[{"selected":[],"title":{"show":true,"text":"","subtext":"","rotate":-90,"textStyle":{"color":"#000000","fontSize":12,"fontFamily":""},"subtextStyle":{"color":"#000000","fontSize":12,"fontFamily":""},"left":"8px","top":"50%"},"axisTick":{"show":true},"axisLine":{"onZero":false},"scale":true,"axisLabel":{"show":true,"rotate":0,"textStyle":{"color":"#000000","fontSize":12,"fontFamily":""}},"zlevel":1}],"colorBy":[{"selected":[]}],"legend":{"show":true,"orientation":"horizontal","left":"50%","right":"auto","top":"10px","bottom":"auto","textStyle":{"color":"#000000","fontSize":12,"fontFamily":"","fontStyle":"normal","fontWeight":"normal","fontDecoration":"none"}},"noDataMessage":"","plotOptions":{"table":{"formatter":[]},"map":{"geoData":{}}},"source":{"dataType":"lazy","lazyData":[]},"guide":{"message":"Set data options using Chart Setting Button."}},"dataSource":{"selectable":true},"style":{},"group":"3myeydpum5s5ap85786w6nnw"}],"layout":{"type":"panel","id":"default-1673490094560"}}],"full":[{"panel":[],"layout":{}}]},"out":{"partial":[{"panel":[{"id":"default-1673490094591","chartOption":{"colorSet":["#FD026C","#4682B8","#A5D22D","#F5CC0A","#FE8C01","#6B9494","#B97C46","#84ACD0","#C2E173","#F9DD5B","#FE569D","#FEB356","#9CB8B8","#D0A884","#2E6072","#6D8C1E","#A48806","#A90148","#A95E01","#476363","#7B532F"],"title":{"show":true,"text":"","subtext":"","rotate":0,"textStyle":{"color":"#000000","fontSize":12,"fontFamily":""},"subtextStyle":{"color":"#000000","fontSize":12,"fontFamily":""},"left":"50%","top":"0px"},"toolbar":{"show":false,"right":"8px","top":"8px","orientation":"horizontal","menu":{}},"chart":{"border":"1px #000000 none","background":"rgba(255, 255, 255,1)","animationDuration":1000,"type":"table"},"tooltip":{"triggerOn":"mousemove"},"grid":{"left":"10%","right":"10%","top":"60px","bottom":"60px","width":"auto","height":"auto"},"xAxis":[{"selected":[],"title":{"show":true,"text":"","subtext":"","rotate":0,"textStyle":{"color":"#000000","fontSize":12,"fontFamily":""},"subtextStyle":{"color":"#000000","fontSize":12,"fontFamily":""},"left":"50%","bottom":"5px"},"axisTick":{"show":true},"axisLine":{"onZero":false},"scale":true,"axisLabel":{"show":true,"rotate":0,"textStyle":{"color":"#000000","fontSize":12,"fontFamily":""}},"zlevel":1}],"yAxis":[{"selected":[],"title":{"show":true,"text":"","subtext":"","rotate":-90,"textStyle":{"color":"#000000","fontSize":12,"fontFamily":""},"subtextStyle":{"color":"#000000","fontSize":12,"fontFamily":""},"left":"8px","top":"50%"},"axisTick":{"show":true},"axisLine":{"onZero":false},"scale":true,"axisLabel":{"show":true,"rotate":0,"textStyle":{"color":"#000000","fontSize":12,"fontFamily":""}},"zlevel":1}],"colorBy":[{"selected":[]}],"legend":{"show":true,"orientation":"horizontal","left":"50%","right":"auto","top":"10px","bottom":"auto","textStyle":{"color":"#000000","fontSize":12,"fontFamily":"","fontStyle":"normal","fontWeight":"normal","fontDecoration":"none"}},"noDataMessage":"","plotOptions":{"table":{"formatter":[]},"map":{"geoData":{}}},"source":{"dataType":"lazy","lazyData":[]},"guide":{"message":"Set data options using Chart Setting Button."}},"dataSource":{"selectable":true},"style":{},"group":"pvupz48gzvi3adea7zde4iet"}],"layout":{"type":"panel","id":"default-1673490094591"}}],"full":[{"panel":[],"layout":{}}]}}},"fid":"fep6yjn3aqe5uyqp"},{"persist-mode":"auto","func":"brightics.function.statistics$correlation88763","name":"brightics.function.statistics$correlation","param":{"method":"pearson","display_plt":true,"vars":["BMI","Age"]},"display":{"label":"Correlation","diagram":{"position":{"x":770,"y":220}},"sheet":{"in":{"partial":[{"panel":[{"id":"default-1673490159309","chartOption":{"colorSet":["#FD026C","#4682B8","#A5D22D","#F5CC0A","#FE8C01","#6B9494","#B97C46","#84ACD0","#C2E173","#F9DD5B","#FE569D","#FEB356","#9CB8B8","#D0A884","#2E6072","#6D8C1E","#A48806","#A90148","#A95E01","#476363","#7B532F"],"title":{"show":true,"text":"","subtext":"","rotate":0,"textStyle":{"color":"#000000","fontSize":12,"fontFamily":""},"subtextStyle":{"color":"#000000","fontSize":12,"fontFamily":""},"left":"50%","top":"0px"},"toolbar":{"show":false,"right":"8px","top":"8px","orientation":"horizontal","menu":{}},"chart":{"border":"1px #000000 none","background":"rgba(255, 255, 255,1)","animationDuration":1000,"type":"table"},"tooltip":{"triggerOn":"mousemove"},"grid":{"left":"10%","right":"10%","top":"60px","bottom":"60px","width":"auto","height":"auto"},"xAxis":[{"selected":[],"title":{"show":true,"text":"","subtext":"","rotate":0,"textStyle":{"color":"#000000","fontSize":12,"fontFamily":""},"subtextStyle":{"color":"#000000","fontSize":12,"fontFamily":""},"left":"50%","bottom":"5px"},"axisTick":{"show":true},"axisLine":{"onZero":false},"scale":true,"axisLabel":{"show":true,"rotate":0,"textStyle":{"color":"#000000","fontSize":12,"fontFamily":""}},"zlevel":1}],"yAxis":[{"selected":[],"title":{"show":true,"text":"","subtext":"","rotate":-90,"textStyle":{"color":"#000000","fontSize":12,"fontFamily":""},"subtextStyle":{"color":"#000000","fontSize":12,"fontFamily":""},"left":"8px","top":"50%"},"axisTick":{"show":true},"axisLine":{"onZero":false},"scale":true,"axisLabel":{"show":true,"rotate":0,"textStyle":{"color":"#000000","fontSize":12,"fontFamily":""}},"zlevel":1}],"colorBy":[{"selected":[]}],"legend":{"show":true,"orientation":"horizontal","left":"50%","right":"auto","top":"10px","bottom":"auto","textStyle":{"color":"#000000","fontSize":12,"fontFamily":"","fontStyle":"normal","fontWeight":"normal","fontDecoration":"none"}},"noDataMessage":"","plotOptions":{"table":{"formatter":[]},"map":{"geoData":{}}},"source":{"dataType":"lazy","lazyData":[]},"guide":{"message":"Set data options using Chart Setting Button."}},"dataSource":{"selectable":true},"style":{},"group":"zm7vuvi9b36gmfmhyiyvnz95"}],"layout":{"type":"panel","id":"default-1673490159309"}}],"full":[{"panel":[],"layout":{}}]},"out":{"partial":[{"panel":[],"layout":{}}],"full":[{"panel":[],"layout":{}}]}}},"meta":{"table":{"type":"table"},"result":{"type":"model"}},"context":"python","version":"3.6","inputs":{"table":"tkach9v9z6wfsvbz"},"outputs":{"result":"t6jddtujmhunxpm7"},"fid":"fa3yknc9pxrjpy7q"},{"persist-mode":"auto","func":"brightics.function.io$load13889","name":"brightics.function.io$load","param":{"partial_path":["/brightics@samsung.com/upload/diabetes.csv"]},"display":{"label":"Q3","diagram":{"position":{"x":270,"y":320}},"sheet":{"out":{"partial":[{"panel":[{"id":"default-1673486145036","chartOption":{"colorSet":["#FD026C","#4682B8","#A5D22D","#F5CC0A","#FE8C01","#6B9494","#B97C46","#84ACD0","#C2E173","#F9DD5B","#FE569D","#FEB356","#9CB8B8","#D0A884","#2E6072","#6D8C1E","#A48806","#A90148","#A95E01","#476363","#7B532F"],"title":{"show":true,"text":"","subtext":"","rotate":0,"textStyle":{"color":"#000000","fontSize":12,"fontFamily":""},"subtextStyle":{"color":"#000000","fontSize":12,"fontFamily":""},"left":"50%","top":"0px"},"toolbar":{"show":false,"right":"8px","top":"8px","orientation":"horizontal","menu":{}},"chart":{"border":"1px #000000 none","background":"rgba(255, 255, 255,1)","animationDuration":1000,"type":"table"},"tooltip":{"triggerOn":"mousemove"},"grid":{"left":"10%","right":"10%","top":"60px","bottom":"60px","width":"auto","height":"auto"},"xAxis":[{"selected":[],"title":{"show":true,"text":"","subtext":"","rotate":0,"textStyle":{"color":"#000000","fontSize":12,"fontFamily":""},"subtextStyle":{"color":"#000000","fontSize":12,"fontFamily":""},"left":"50%","bottom":"5px"},"axisTick":{"show":true},"axisLine":{"onZero":false},"scale":true,"axisLabel":{"show":true,"rotate":0,"textStyle":{"color":"#000000","fontSize":12,"fontFamily":""}},"zlevel":1}],"yAxis":[{"selected":[],"title":{"show":true,"text":"","subtext":"","rotate":-90,"textStyle":{"color":"#000000","fontSize":12,"fontFamily":""},"subtextStyle":{"color":"#000000","fontSize":12,"fontFamily":""},"left":"8px","top":"50%"},"axisTick":{"show":true},"axisLine":{"onZero":false},"scale":true,"axisLabel":{"show":true,"rotate":0,"textStyle":{"color":"#000000","fontSize":12,"fontFamily":""}},"zlevel":1}],"colorBy":[{"selected":[]}],"legend":{"show":true,"orientation":"horizontal","left":"50%","right":"auto","top":"10px","bottom":"auto","textStyle":{"color":"#000000","fontSize":12,"fontFamily":"","fontStyle":"normal","fontWeight":"normal","fontDecoration":"none"}},"noDataMessage":"","plotOptions":{"table":{"formatter":[]},"map":{"geoData":{}}},"source":{"dataType":"lazy","lazyData":[]},"guide":{"message":"Set data options using Chart Setting Button."}},"dataSource":{"selectable":true},"style":{},"group":"27v9eg5auhrayn5acxhjn6nr"}],"layout":{"type":"panel","id":"default-1673486145036"}}],"full":[{"panel":[],"layout":{}}]}},"description":""},"meta":{"table":{"type":"table"}},"context":"python","version":"3.6","outputs":{"table":"tbv7txmquhu55wv5"},"fid":"fhtemahf6g729jpd"},{"persist-mode":"auto","func":"simpleFilterPython","name":"brightics.function.manipulation$simple_filter","context":"python","version":"3.6","param":{"main_operator":"and","input_cols":["Insulin"],"operators":["!="],"operands":["0"]},"inputs":{"table":"tbv7txmquhu55wv5"},"outputs":{"out_table":"thuc6gkdn7hjn5qu"},"meta":{"table":{"type":"table"},"out_table":{"type":"table"}},"display":{"label":"Filter","diagram":{"position":{"x":520,"y":320}},"sheet":{"in":{"partial":[{"panel":[{"id":"default-1673490297253","chartOption":{"colorSet":["#FD026C","#4682B8","#A5D22D","#F5CC0A","#FE8C01","#6B9494","#B97C46","#84ACD0","#C2E173","#F9DD5B","#FE569D","#FEB356","#9CB8B8","#D0A884","#2E6072","#6D8C1E","#A48806","#A90148","#A95E01","#476363","#7B532F"],"title":{"show":true,"text":"","subtext":"","rotate":0,"textStyle":{"color":"#000000","fontSize":12,"fontFamily":""},"subtextStyle":{"color":"#000000","fontSize":12,"fontFamily":""},"left":"50%","top":"0px"},"toolbar":{"show":false,"right":"8px","top":"8px","orientation":"horizontal","menu":{}},"chart":{"border":"1px #000000 none","background":"rgba(255, 255, 255,1)","animationDuration":1000,"type":"table"},"tooltip":{"triggerOn":"mousemove"},"grid":{"left":"10%","right":"10%","top":"60px","bottom":"60px","width":"auto","height":"auto"},"xAxis":[{"selected":[],"title":{"show":true,"text":"","subtext":"","rotate":0,"textStyle":{"color":"#000000","fontSize":12,"fontFamily":""},"subtextStyle":{"color":"#000000","fontSize":12,"fontFamily":""},"left":"50%","bottom":"5px"},"axisTick":{"show":true},"axisLine":{"onZero":false},"scale":true,"axisLabel":{"show":true,"rotate":0,"textStyle":{"color":"#000000","fontSize":12,"fontFamily":""}},"zlevel":1}],"yAxis":[{"selected":[],"title":{"show":true,"text":"","subtext":"","rotate":-90,"textStyle":{"color":"#000000","fontSize":12,"fontFamily":""},"subtextStyle":{"color":"#000000","fontSize":12,"fontFamily":""},"left":"8px","top":"50%"},"axisTick":{"show":true},"axisLine":{"onZero":false},"scale":true,"axisLabel":{"show":true,"rotate":0,"textStyle":{"color":"#000000","fontSize":12,"fontFamily":""}},"zlevel":1}],"colorBy":[{"selected":[]}],"legend":{"show":true,"orientation":"horizontal","left":"50%","right":"auto","top":"10px","bottom":"auto","textStyle":{"color":"#000000","fontSize":12,"fontFamily":"","fontStyle":"normal","fontWeight":"normal","fontDecoration":"none"}},"noDataMessage":"","plotOptions":{"table":{"formatter":[]},"map":{"geoData":{}}},"source":{"dataType":"lazy","lazyData":[]},"guide":{"message":"Set data options using Chart Setting Button."}},"dataSource":{"selectable":true},"style":{},"group":"u8vwez6wnfty48zzyw7s2kc5"}],"layout":{"type":"panel","id":"default-1673490297253"}}],"full":[{"panel":[],"layout":{}}]},"out":{"partial":[{"panel":[{"id":"default-1673490297288","chartOption":{"colorSet":["#FD026C","#4682B8","#A5D22D","#F5CC0A","#FE8C01","#6B9494","#B97C46","#84ACD0","#C2E173","#F9DD5B","#FE569D","#FEB356","#9CB8B8","#D0A884","#2E6072","#6D8C1E","#A48806","#A90148","#A95E01","#476363","#7B532F"],"title":{"show":true,"text":"","subtext":"","rotate":0,"textStyle":{"color":"#000000","fontSize":12,"fontFamily":""},"subtextStyle":{"color":"#000000","fontSize":12,"fontFamily":""},"left":"50%","top":"0px"},"toolbar":{"show":false,"right":"8px","top":"8px","orientation":"horizontal","menu":{}},"chart":{"border":"1px #000000 none","background":"rgba(255, 255, 255,1)","animationDuration":1000,"type":"table"},"tooltip":{"triggerOn":"mousemove"},"grid":{"left":"10%","right":"10%","top":"60px","bottom":"60px","width":"auto","height":"auto"},"xAxis":[{"selected":[],"title":{"show":true,"text":"","subtext":"","rotate":0,"textStyle":{"color":"#000000","fontSize":12,"fontFamily":""},"subtextStyle":{"color":"#000000","fontSize":12,"fontFamily":""},"left":"50%","bottom":"5px"},"axisTick":{"show":true},"axisLine":{"onZero":false},"scale":true,"axisLabel":{"show":true,"rotate":0,"textStyle":{"color":"#000000","fontSize":12,"fontFamily":""}},"zlevel":1}],"yAxis":[{"selected":[],"title":{"show":true,"text":"","subtext":"","rotate":-90,"textStyle":{"color":"#000000","fontSize":12,"fontFamily":""},"subtextStyle":{"color":"#000000","fontSize":12,"fontFamily":""},"left":"8px","top":"50%"},"axisTick":{"show":true},"axisLine":{"onZero":false},"scale":true,"axisLabel":{"show":true,"rotate":0,"textStyle":{"color":"#000000","fontSize":12,"fontFamily":""}},"zlevel":1}],"colorBy":[{"selected":[]}],"legend":{"show":true,"orientation":"horizontal","left":"50%","right":"auto","top":"10px","bottom":"auto","textStyle":{"color":"#000000","fontSize":12,"fontFamily":"","fontStyle":"normal","fontWeight":"normal","fontDecoration":"none"}},"noDataMessage":"","plotOptions":{"table":{"formatter":[]},"map":{"geoData":{}}},"source":{"dataType":"lazy","lazyData":[]},"guide":{"message":"Set data options using Chart Setting Button."}},"dataSource":{"selectable":true},"style":{},"group":"pcbs9ytxtzc98978p876xphg"}],"layout":{"type":"panel","id":"default-1673490297288"}}],"full":[{"panel":[],"layout":{}}]}}},"fid":"fg5b47djj6ad9fts"},{"persist-mode":"auto","func":"selectColumnPython","name":"brightics.function.transform$select_column","context":"python","version":"3.6","param":{"input_cols":["Pregnancies","Glucose","BloodPressure","SkinThickness","Insulin","BMI","DiabetesPedigreeFunction","Age","Outcome"],"output_cols":["Pregnancies","Glucose","BloodPressure","SkinThickness","Insulin","BMI","DiabetesPedigreeFunction","Age","Outcome"],"output_types":["double","string","string","string","string","string","double","double","double"]},"inputs":{"table":"thuc6gkdn7hjn5qu"},"outputs":{"out_table":"tczp3tvhx827ym4a"},"meta":{"table":{"type":"table"},"out_table":{"type":"table"}},"display":{"label":"Select Column","diagram":{"position":{"x":770,"y":320}},"sheet":{"in":{"partial":[{"panel":[{"id":"default-1673490411859","chartOption":{"colorSet":["#FD026C","#4682B8","#A5D22D","#F5CC0A","#FE8C01","#6B9494","#B97C46","#84ACD0","#C2E173","#F9DD5B","#FE569D","#FEB356","#9CB8B8","#D0A884","#2E6072","#6D8C1E","#A48806","#A90148","#A95E01","#476363","#7B532F"],"title":{"show":true,"text":"","subtext":"","rotate":0,"textStyle":{"color":"#000000","fontSize":12,"fontFamily":""},"subtextStyle":{"color":"#000000","fontSize":12,"fontFamily":""},"left":"50%","top":"0px"},"toolbar":{"show":false,"right":"8px","top":"8px","orientation":"horizontal","menu":{}},"chart":{"border":"1px #000000 none","background":"rgba(255, 255, 255,1)","animationDuration":1000,"type":"table"},"tooltip":{"triggerOn":"mousemove"},"grid":{"left":"10%","right":"10%","top":"60px","bottom":"60px","width":"auto","height":"auto"},"xAxis":[{"selected":[],"title":{"show":true,"text":"","subtext":"","rotate":0,"textStyle":{"color":"#000000","fontSize":12,"fontFamily":""},"subtextStyle":{"color":"#000000","fontSize":12,"fontFamily":""},"left":"50%","bottom":"5px"},"axisTick":{"show":true},"axisLine":{"onZero":false},"scale":true,"axisLabel":{"show":true,"rotate":0,"textStyle":{"color":"#000000","fontSize":12,"fontFamily":""}},"zlevel":1}],"yAxis":[{"selected":[],"title":{"show":true,"text":"","subtext":"","rotate":-90,"textStyle":{"color":"#000000","fontSize":12,"fontFamily":""},"subtextStyle":{"color":"#000000","fontSize":12,"fontFamily":""},"left":"8px","top":"50%"},"axisTick":{"show":true},"axisLine":{"onZero":false},"scale":true,"axisLabel":{"show":true,"rotate":0,"textStyle":{"color":"#000000","fontSize":12,"fontFamily":""}},"zlevel":1}],"colorBy":[{"selected":[]}],"legend":{"show":true,"orientation":"horizontal","left":"50%","right":"auto","top":"10px","bottom":"auto","textStyle":{"color":"#000000","fontSize":12,"fontFamily":"","fontStyle":"normal","fontWeight":"normal","fontDecoration":"none"}},"noDataMessage":"","plotOptions":{"table":{"formatter":[]},"map":{"geoData":{}}},"source":{"dataType":"lazy","lazyData":[]},"guide":{"message":"Set data options using Chart Setting Button."}},"dataSource":{"selectable":true},"style":{},"group":"p4nar4vmcnj8tt2xc2ajex73"}],"layout":{"type":"panel","id":"default-1673490411859"}}],"full":[{"panel":[],"layout":{}}]},"out":{"partial":[{"panel":[{"id":"default-1673490411960","chartOption":{"colorSet":["#FD026C","#4682B8","#A5D22D","#F5CC0A","#FE8C01","#6B9494","#B97C46","#84ACD0","#C2E173","#F9DD5B","#FE569D","#FEB356","#9CB8B8","#D0A884","#2E6072","#6D8C1E","#A48806","#A90148","#A95E01","#476363","#7B532F"],"title":{"show":true,"text":"","subtext":"","rotate":0,"textStyle":{"color":"#000000","fontSize":12,"fontFamily":""},"subtextStyle":{"color":"#000000","fontSize":12,"fontFamily":""},"left":"50%","top":"0px"},"toolbar":{"show":false,"right":"8px","top":"8px","orientation":"horizontal","menu":{}},"chart":{"border":"1px #000000 none","background":"rgba(255, 255, 255,1)","animationDuration":1000,"type":"table"},"tooltip":{"triggerOn":"mousemove"},"grid":{"left":"10%","right":"10%","top":"60px","bottom":"60px","width":"auto","height":"auto"},"xAxis":[{"selected":[],"title":{"show":true,"text":"","subtext":"","rotate":0,"textStyle":{"color":"#000000","fontSize":12,"fontFamily":""},"subtextStyle":{"color":"#000000","fontSize":12,"fontFamily":""},"left":"50%","bottom":"5px"},"axisTick":{"show":true},"axisLine":{"onZero":false},"scale":true,"axisLabel":{"show":true,"rotate":0,"textStyle":{"color":"#000000","fontSize":12,"fontFamily":""}},"zlevel":1}],"yAxis":[{"selected":[],"title":{"show":true,"text":"","subtext":"","rotate":-90,"textStyle":{"color":"#000000","fontSize":12,"fontFamily":""},"subtextStyle":{"color":"#000000","fontSize":12,"fontFamily":""},"left":"8px","top":"50%"},"axisTick":{"show":true},"axisLine":{"onZero":false},"scale":true,"axisLabel":{"show":true,"rotate":0,"textStyle":{"color":"#000000","fontSize":12,"fontFamily":""}},"zlevel":1}],"colorBy":[{"selected":[]}],"legend":{"show":true,"orientation":"horizontal","left":"50%","right":"auto","top":"10px","bottom":"auto","textStyle":{"color":"#000000","fontSize":12,"fontFamily":"","fontStyle":"normal","fontWeight":"normal","fontDecoration":"none"}},"noDataMessage":"","plotOptions":{"table":{"formatter":[]},"map":{"geoData":{}}},"source":{"dataType":"lazy","lazyData":[]},"guide":{"message":"Set data options using Chart Setting Button."}},"dataSource":{"selectable":true},"style":{},"group":"8bixsr6j57zjv2kiy4i82zjc"}],"layout":{"type":"panel","id":"default-1673490411960"}}],"full":[{"panel":[],"layout":{}}]}}},"fid":"frj24w72rw2aeymk"},{"persist-mode":"auto","func":"brightics.function.extraction$replace_string","name":"brightics.function.extraction$replace_string","param":{"replace_mode":"full","empty_as_null":false,"target_string_null":false,"replace_string_null":true,"input_cols":["Glucose","BloodPressure","SkinThickness","Insulin","BMI"],"target_string":"0.0"},"display":{"label":"Replace String Variable","diagram":{"position":{"x":1020,"y":320}},"sheet":{"in":{"partial":[{"panel":[{"id":"default-1673490502582","chartOption":{"colorSet":["#FD026C","#4682B8","#A5D22D","#F5CC0A","#FE8C01","#6B9494","#B97C46","#84ACD0","#C2E173","#F9DD5B","#FE569D","#FEB356","#9CB8B8","#D0A884","#2E6072","#6D8C1E","#A48806","#A90148","#A95E01","#476363","#7B532F"],"title":{"show":true,"text":"","subtext":"","rotate":0,"textStyle":{"color":"#000000","fontSize":12,"fontFamily":""},"subtextStyle":{"color":"#000000","fontSize":12,"fontFamily":""},"left":"50%","top":"0px"},"toolbar":{"show":false,"right":"8px","top":"8px","orientation":"horizontal","menu":{}},"chart":{"border":"1px #000000 none","background":"rgba(255, 255, 255,1)","animationDuration":1000,"type":"table"},"tooltip":{"triggerOn":"mousemove"},"grid":{"left":"10%","right":"10%","top":"60px","bottom":"60px","width":"auto","height":"auto"},"xAxis":[{"selected":[],"title":{"show":true,"text":"","subtext":"","rotate":0,"textStyle":{"color":"#000000","fontSize":12,"fontFamily":""},"subtextStyle":{"color":"#000000","fontSize":12,"fontFamily":""},"left":"50%","bottom":"5px"},"axisTick":{"show":true},"axisLine":{"onZero":false},"scale":true,"axisLabel":{"show":true,"rotate":0,"textStyle":{"color":"#000000","fontSize":12,"fontFamily":""}},"zlevel":1}],"yAxis":[{"selected":[],"title":{"show":true,"text":"","subtext":"","rotate":-90,"textStyle":{"color":"#000000","fontSize":12,"fontFamily":""},"subtextStyle":{"color":"#000000","fontSize":12,"fontFamily":""},"left":"8px","top":"50%"},"axisTick":{"show":true},"axisLine":{"onZero":false},"scale":true,"axisLabel":{"show":true,"rotate":0,"textStyle":{"color":"#000000","fontSize":12,"fontFamily":""}},"zlevel":1}],"colorBy":[{"selected":[]}],"legend":{"show":true,"orientation":"horizontal","left":"50%","right":"auto","top":"10px","bottom":"auto","textStyle":{"color":"#000000","fontSize":12,"fontFamily":"","fontStyle":"normal","fontWeight":"normal","fontDecoration":"none"}},"noDataMessage":"","plotOptions":{"table":{"formatter":[]},"map":{"geoData":{}}},"source":{"dataType":"lazy","lazyData":[]},"guide":{"message":"Set data options using Chart Setting Button."}},"dataSource":{"selectable":true},"style":{},"group":"r5ifcncd4fkevy47izmf6299"}],"layout":{"type":"panel","id":"default-1673490502582"}}],"full":[{"panel":[],"layout":{}}]},"out":{"partial":[{"panel":[{"id":"default-1673490502612","chartOption":{"colorSet":["#FD026C","#4682B8","#A5D22D","#F5CC0A","#FE8C01","#6B9494","#B97C46","#84ACD0","#C2E173","#F9DD5B","#FE569D","#FEB356","#9CB8B8","#D0A884","#2E6072","#6D8C1E","#A48806","#A90148","#A95E01","#476363","#7B532F"],"title":{"show":true,"text":"","subtext":"","rotate":0,"textStyle":{"color":"#000000","fontSize":12,"fontFamily":""},"subtextStyle":{"color":"#000000","fontSize":12,"fontFamily":""},"left":"50%","top":"0px"},"toolbar":{"show":false,"right":"8px","top":"8px","orientation":"horizontal","menu":{}},"chart":{"border":"1px #000000 none","background":"rgba(255, 255, 255,1)","animationDuration":1000,"type":"table"},"tooltip":{"triggerOn":"mousemove"},"grid":{"left":"10%","right":"10%","top":"60px","bottom":"60px","width":"auto","height":"auto"},"xAxis":[{"selected":[],"title":{"show":true,"text":"","subtext":"","rotate":0,"textStyle":{"color":"#000000","fontSize":12,"fontFamily":""},"subtextStyle":{"color":"#000000","fontSize":12,"fontFamily":""},"left":"50%","bottom":"5px"},"axisTick":{"show":true},"axisLine":{"onZero":false},"scale":true,"axisLabel":{"show":true,"rotate":0,"textStyle":{"color":"#000000","fontSize":12,"fontFamily":""}},"zlevel":1}],"yAxis":[{"selected":[],"title":{"show":true,"text":"","subtext":"","rotate":-90,"textStyle":{"color":"#000000","fontSize":12,"fontFamily":""},"subtextStyle":{"color":"#000000","fontSize":12,"fontFamily":""},"left":"8px","top":"50%"},"axisTick":{"show":true},"axisLine":{"onZero":false},"scale":true,"axisLabel":{"show":true,"rotate":0,"textStyle":{"color":"#000000","fontSize":12,"fontFamily":""}},"zlevel":1}],"colorBy":[{"selected":[]}],"legend":{"show":true,"orientation":"horizontal","left":"50%","right":"auto","top":"10px","bottom":"auto","textStyle":{"color":"#000000","fontSize":12,"fontFamily":"","fontStyle":"normal","fontWeight":"normal","fontDecoration":"none"}},"noDataMessage":"","plotOptions":{"table":{"formatter":[]},"map":{"geoData":{}}},"source":{"dataType":"lazy","lazyData":[]},"guide":{"message":"Set data options using Chart Setting Button."}},"dataSource":{"selectable":true},"style":{},"group":"dvf6dwv3bp8wv945agn53tw5"}],"layout":{"type":"panel","id":"default-1673490502612"}}],"full":[{"panel":[],"layout":{}}]}}},"meta":{"table":{"type":"table","desc":"Data in a table","optional":false},"out_table":{"type":"table","desc":"A table with string replaced"}},"context":"python","version":"3.6","inputs":{"table":"tczp3tvhx827ym4a"},"outputs":{"out_table":"t5eqyhztbza9xy4m"},"fid":"f8q29cfg9sbzykb7"},{"persist-mode":"auto","func":"selectColumnPython","name":"brightics.function.transform$select_column","context":"python","version":"3.6","param":{"input_cols":["Pregnancies","Glucose","BloodPressure","SkinThickness","Insulin","BMI","DiabetesPedigreeFunction","Age","Outcome"],"output_cols":["Pregnancies","Glucose","BloodPressure","SkinThickness","Insulin","BMI","DiabetesPedigreeFunction","Age","Outcome"],"output_types":["double","double","double","double","double","double","double","double","double"]},"inputs":{"table":"t5eqyhztbza9xy4m"},"outputs":{"out_table":"t74vr5vag9hxd5zn"},"meta":{"table":{"type":"table"},"out_table":{"type":"table"}},"display":{"label":"Select Column","diagram":{"position":{"x":1270,"y":320}},"sheet":{"in":{"partial":[{"panel":[{"id":"default-1673490579296","chartOption":{"colorSet":["#FD026C","#4682B8","#A5D22D","#F5CC0A","#FE8C01","#6B9494","#B97C46","#84ACD0","#C2E173","#F9DD5B","#FE569D","#FEB356","#9CB8B8","#D0A884","#2E6072","#6D8C1E","#A48806","#A90148","#A95E01","#476363","#7B532F"],"title":{"show":true,"text":"","subtext":"","rotate":0,"textStyle":{"color":"#000000","fontSize":12,"fontFamily":""},"subtextStyle":{"color":"#000000","fontSize":12,"fontFamily":""},"left":"50%","top":"0px"},"toolbar":{"show":false,"right":"8px","top":"8px","orientation":"horizontal","menu":{}},"chart":{"border":"1px #000000 none","background":"rgba(255, 255, 255,1)","animationDuration":1000,"type":"table"},"tooltip":{"triggerOn":"mousemove"},"grid":{"left":"10%","right":"10%","top":"60px","bottom":"60px","width":"auto","height":"auto"},"xAxis":[{"selected":[],"title":{"show":true,"text":"","subtext":"","rotate":0,"textStyle":{"color":"#000000","fontSize":12,"fontFamily":""},"subtextStyle":{"color":"#000000","fontSize":12,"fontFamily":""},"left":"50%","bottom":"5px"},"axisTick":{"show":true},"axisLine":{"onZero":false},"scale":true,"axisLabel":{"show":true,"rotate":0,"textStyle":{"color":"#000000","fontSize":12,"fontFamily":""}},"zlevel":1}],"yAxis":[{"selected":[],"title":{"show":true,"text":"","subtext":"","rotate":-90,"textStyle":{"color":"#000000","fontSize":12,"fontFamily":""},"subtextStyle":{"color":"#000000","fontSize":12,"fontFamily":""},"left":"8px","top":"50%"},"axisTick":{"show":true},"axisLine":{"onZero":false},"scale":true,"axisLabel":{"show":true,"rotate":0,"textStyle":{"color":"#000000","fontSize":12,"fontFamily":""}},"zlevel":1}],"colorBy":[{"selected":[]}],"legend":{"show":true,"orientation":"horizontal","left":"50%","right":"auto","top":"10px","bottom":"auto","textStyle":{"color":"#000000","fontSize":12,"fontFamily":"","fontStyle":"normal","fontWeight":"normal","fontDecoration":"none"}},"noDataMessage":"","plotOptions":{"table":{"formatter":[]},"map":{"geoData":{}}},"source":{"dataType":"lazy","lazyData":[]},"guide":{"message":"Set data options using Chart Setting Button."}},"dataSource":{"selectable":true},"style":{},"group":"hjxd85cjvdpkuexmpzrtgeky"}],"layout":{"type":"panel","id":"default-1673490579296"}}],"full":[{"panel":[],"layout":{}}]},"out":{"partial":[{"panel":[{"id":"default-1673490579339","chartOption":{"colorSet":["#FD026C","#4682B8","#A5D22D","#F5CC0A","#FE8C01","#6B9494","#B97C46","#84ACD0","#C2E173","#F9DD5B","#FE569D","#FEB356","#9CB8B8","#D0A884","#2E6072","#6D8C1E","#A48806","#A90148","#A95E01","#476363","#7B532F"],"title":{"show":true,"text":"","subtext":"","rotate":0,"textStyle":{"color":"#000000","fontSize":12,"fontFamily":""},"subtextStyle":{"color":"#000000","fontSize":12,"fontFamily":""},"left":"50%","top":"0px"},"toolbar":{"show":false,"right":"8px","top":"8px","orientation":"horizontal","menu":{}},"chart":{"border":"1px #000000 none","background":"rgba(255, 255, 255,1)","animationDuration":1000,"type":"table"},"tooltip":{"triggerOn":"mousemove"},"grid":{"left":"10%","right":"10%","top":"60px","bottom":"60px","width":"auto","height":"auto"},"xAxis":[{"selected":[],"title":{"show":true,"text":"","subtext":"","rotate":0,"textStyle":{"color":"#000000","fontSize":12,"fontFamily":""},"subtextStyle":{"color":"#000000","fontSize":12,"fontFamily":""},"left":"50%","bottom":"5px"},"axisTick":{"show":true},"axisLine":{"onZero":false},"scale":true,"axisLabel":{"show":true,"rotate":0,"textStyle":{"color":"#000000","fontSize":12,"fontFamily":""}},"zlevel":1}],"yAxis":[{"selected":[],"title":{"show":true,"text":"","subtext":"","rotate":-90,"textStyle":{"color":"#000000","fontSize":12,"fontFamily":""},"subtextStyle":{"color":"#000000","fontSize":12,"fontFamily":""},"left":"8px","top":"50%"},"axisTick":{"show":true},"axisLine":{"onZero":false},"scale":true,"axisLabel":{"show":true,"rotate":0,"textStyle":{"color":"#000000","fontSize":12,"fontFamily":""}},"zlevel":1}],"colorBy":[{"selected":[]}],"legend":{"show":true,"orientation":"horizontal","left":"50%","right":"auto","top":"10px","bottom":"auto","textStyle":{"color":"#000000","fontSize":12,"fontFamily":"","fontStyle":"normal","fontWeight":"normal","fontDecoration":"none"}},"noDataMessage":"","plotOptions":{"table":{"formatter":[]},"map":{"geoData":{}}},"source":{"dataType":"lazy","lazyData":[]},"guide":{"message":"Set data options using Chart Setting Button."}},"dataSource":{"selectable":true},"style":{},"group":"9rttw567cch8dzghtp2x6kem"}],"layout":{"type":"panel","id":"default-1673490579339"}}],"full":[{"panel":[],"layout":{}}]}}},"fid":"fub4u795dqz49f7j"},{"persist-mode":"auto","func":"brightics.function.manipulation$replace_missing_number81244","name":"brightics.function.manipulation$replace_missing_number","param":{"fill_value":"mean","input_cols":["Glucose","BloodPressure","SkinThickness","Insulin","BMI"]},"display":{"label":"Replace Missing Number","diagram":{"position":{"x":1520,"y":320}},"sheet":{"in":{"partial":[{"panel":[{"id":"default-1673490617394","chartOption":{"colorSet":["#FD026C","#4682B8","#A5D22D","#F5CC0A","#FE8C01","#6B9494","#B97C46","#84ACD0","#C2E173","#F9DD5B","#FE569D","#FEB356","#9CB8B8","#D0A884","#2E6072","#6D8C1E","#A48806","#A90148","#A95E01","#476363","#7B532F"],"title":{"show":true,"text":"","subtext":"","rotate":0,"textStyle":{"color":"#000000","fontSize":12,"fontFamily":""},"subtextStyle":{"color":"#000000","fontSize":12,"fontFamily":""},"left":"50%","top":"0px"},"toolbar":{"show":false,"right":"8px","top":"8px","orientation":"horizontal","menu":{}},"chart":{"border":"1px #000000 none","background":"rgba(255, 255, 255,1)","animationDuration":1000,"type":"table"},"tooltip":{"triggerOn":"mousemove"},"grid":{"left":"10%","right":"10%","top":"60px","bottom":"60px","width":"auto","height":"auto"},"xAxis":[{"selected":[],"title":{"show":true,"text":"","subtext":"","rotate":0,"textStyle":{"color":"#000000","fontSize":12,"fontFamily":""},"subtextStyle":{"color":"#000000","fontSize":12,"fontFamily":""},"left":"50%","bottom":"5px"},"axisTick":{"show":true},"axisLine":{"onZero":false},"scale":true,"axisLabel":{"show":true,"rotate":0,"textStyle":{"color":"#000000","fontSize":12,"fontFamily":""}},"zlevel":1}],"yAxis":[{"selected":[],"title":{"show":true,"text":"","subtext":"","rotate":-90,"textStyle":{"color":"#000000","fontSize":12,"fontFamily":""},"subtextStyle":{"color":"#000000","fontSize":12,"fontFamily":""},"left":"8px","top":"50%"},"axisTick":{"show":true},"axisLine":{"onZero":false},"scale":true,"axisLabel":{"show":true,"rotate":0,"textStyle":{"color":"#000000","fontSize":12,"fontFamily":""}},"zlevel":1}],"colorBy":[{"selected":[]}],"legend":{"show":true,"orientation":"horizontal","left":"50%","right":"auto","top":"10px","bottom":"auto","textStyle":{"color":"#000000","fontSize":12,"fontFamily":"","fontStyle":"normal","fontWeight":"normal","fontDecoration":"none"}},"noDataMessage":"","plotOptions":{"table":{"formatter":[]},"map":{"geoData":{}}},"source":{"dataType":"lazy","lazyData":[]},"guide":{"message":"Set data options using Chart Setting Button."}},"dataSource":{"selectable":true},"style":{},"group":"h63qqreqdz2i8pc8raj8efc9"}],"layout":{"type":"panel","id":"default-1673490617394"}}],"full":[{"panel":[],"layout":{}}]},"out":{"partial":[{"panel":[{"id":"default-1673490617439","chartOption":{"colorSet":["#FD026C","#4682B8","#A5D22D","#F5CC0A","#FE8C01","#6B9494","#B97C46","#84ACD0","#C2E173","#F9DD5B","#FE569D","#FEB356","#9CB8B8","#D0A884","#2E6072","#6D8C1E","#A48806","#A90148","#A95E01","#476363","#7B532F"],"title":{"show":true,"text":"","subtext":"","rotate":0,"textStyle":{"color":"#000000","fontSize":12,"fontFamily":""},"subtextStyle":{"color":"#000000","fontSize":12,"fontFamily":""},"left":"50%","top":"0px"},"toolbar":{"show":false,"right":"8px","top":"8px","orientation":"horizontal","menu":{}},"chart":{"border":"1px #000000 none","background":"rgba(255, 255, 255,1)","animationDuration":1000,"type":"table"},"tooltip":{"triggerOn":"mousemove"},"grid":{"left":"10%","right":"10%","top":"60px","bottom":"60px","width":"auto","height":"auto"},"xAxis":[{"selected":[],"title":{"show":true,"text":"","subtext":"","rotate":0,"textStyle":{"color":"#000000","fontSize":12,"fontFamily":""},"subtextStyle":{"color":"#000000","fontSize":12,"fontFamily":""},"left":"50%","bottom":"5px"},"axisTick":{"show":true},"axisLine":{"onZero":false},"scale":true,"axisLabel":{"show":true,"rotate":0,"textStyle":{"color":"#000000","fontSize":12,"fontFamily":""}},"zlevel":1}],"yAxis":[{"selected":[],"title":{"show":true,"text":"","subtext":"","rotate":-90,"textStyle":{"color":"#000000","fontSize":12,"fontFamily":""},"subtextStyle":{"color":"#000000","fontSize":12,"fontFamily":""},"left":"8px","top":"50%"},"axisTick":{"show":true},"axisLine":{"onZero":false},"scale":true,"axisLabel":{"show":true,"rotate":0,"textStyle":{"color":"#000000","fontSize":12,"fontFamily":""}},"zlevel":1}],"colorBy":[{"selected":[]}],"legend":{"show":true,"orientation":"horizontal","left":"50%","right":"auto","top":"10px","bottom":"auto","textStyle":{"color":"#000000","fontSize":12,"fontFamily":"","fontStyle":"normal","fontWeight":"normal","fontDecoration":"none"}},"noDataMessage":"","plotOptions":{"table":{"formatter":[]},"map":{"geoData":{}}},"source":{"dataType":"lazy","lazyData":[]},"guide":{"message":"Set data options using Chart Setting Button."}},"dataSource":{"selectable":true},"style":{},"group":"f3ifr4itrauffxchhka4qjf3"}],"layout":{"type":"panel","id":"default-1673490617439"}}],"full":[{"panel":[],"layout":{}}]}}},"meta":{"table":{"type":"table","desc":"Data in a Table","optional":false},"out_table":{"type":"table","desc":"A data with missing values filled"}},"context":"python","version":"3.6","inputs":{"table":"t74vr5vag9hxd5zn"},"outputs":{"out_table":"taskzze7fkrc7ytf"},"fid":"fswyhe7yywct6xfx"},{"persist-mode":"auto","func":"addColumnPython","name":"brightics.function.extraction$add_expression_column","context":"python","version":"3.6","param":{"expr_type":"sqlite","new_cols":["is_preg"],"formulas":["(Pregnancies >= 1) + 0"]},"inputs":{"table":"taskzze7fkrc7ytf"},"outputs":{"out_table":"tz7fz6qmamhm87mh"},"meta":{"table":{"type":"table"},"out_table":{"type":"table"}},"display":{"label":"Add Function Column","diagram":{"position":{"x":1770,"y":320}},"sheet":{"in":{"partial":[{"panel":[{"id":"default-1673490705126","chartOption":{"colorSet":["#FD026C","#4682B8","#A5D22D","#F5CC0A","#FE8C01","#6B9494","#B97C46","#84ACD0","#C2E173","#F9DD5B","#FE569D","#FEB356","#9CB8B8","#D0A884","#2E6072","#6D8C1E","#A48806","#A90148","#A95E01","#476363","#7B532F"],"title":{"show":true,"text":"","subtext":"","rotate":0,"textStyle":{"color":"#000000","fontSize":12,"fontFamily":""},"subtextStyle":{"color":"#000000","fontSize":12,"fontFamily":""},"left":"50%","top":"0px"},"toolbar":{"show":false,"right":"8px","top":"8px","orientation":"horizontal","menu":{}},"chart":{"border":"1px #000000 none","background":"rgba(255, 255, 255,1)","animationDuration":1000,"type":"table"},"tooltip":{"triggerOn":"mousemove"},"grid":{"left":"10%","right":"10%","top":"60px","bottom":"60px","width":"auto","height":"auto"},"xAxis":[{"selected":[],"title":{"show":true,"text":"","subtext":"","rotate":0,"textStyle":{"color":"#000000","fontSize":12,"fontFamily":""},"subtextStyle":{"color":"#000000","fontSize":12,"fontFamily":""},"left":"50%","bottom":"5px"},"axisTick":{"show":true},"axisLine":{"onZero":false},"scale":true,"axisLabel":{"show":true,"rotate":0,"textStyle":{"color":"#000000","fontSize":12,"fontFamily":""}},"zlevel":1}],"yAxis":[{"selected":[],"title":{"show":true,"text":"","subtext":"","rotate":-90,"textStyle":{"color":"#000000","fontSize":12,"fontFamily":""},"subtextStyle":{"color":"#000000","fontSize":12,"fontFamily":""},"left":"8px","top":"50%"},"axisTick":{"show":true},"axisLine":{"onZero":false},"scale":true,"axisLabel":{"show":true,"rotate":0,"textStyle":{"color":"#000000","fontSize":12,"fontFamily":""}},"zlevel":1}],"colorBy":[{"selected":[]}],"legend":{"show":true,"orientation":"horizontal","left":"50%","right":"auto","top":"10px","bottom":"auto","textStyle":{"color":"#000000","fontSize":12,"fontFamily":"","fontStyle":"normal","fontWeight":"normal","fontDecoration":"none"}},"noDataMessage":"","plotOptions":{"table":{"formatter":[]},"map":{"geoData":{}}},"source":{"dataType":"lazy","lazyData":[]},"guide":{"message":"Set data options using Chart Setting Button."}},"dataSource":{"selectable":true},"style":{},"group":"9chyznhskqgcg8uc6hex5fwa"}],"layout":{"type":"panel","id":"default-1673490705126"}}],"full":[{"panel":[],"layout":{}}]},"out":{"partial":[{"panel":[{"id":"default-1673490705152","chartOption":{"colorSet":["#FD026C","#4682B8","#A5D22D","#F5CC0A","#FE8C01","#6B9494","#B97C46","#84ACD0","#C2E173","#F9DD5B","#FE569D","#FEB356","#9CB8B8","#D0A884","#2E6072","#6D8C1E","#A48806","#A90148","#A95E01","#476363","#7B532F"],"title":{"show":true,"text":"","subtext":"","rotate":0,"textStyle":{"color":"#000000","fontSize":12,"fontFamily":""},"subtextStyle":{"color":"#000000","fontSize":12,"fontFamily":""},"left":"50%","top":"0px"},"toolbar":{"show":false,"right":"8px","top":"8px","orientation":"horizontal","menu":{}},"chart":{"border":"1px #000000 none","background":"rgba(255, 255, 255,1)","animationDuration":1000,"type":"table"},"tooltip":{"triggerOn":"mousemove"},"grid":{"left":"10%","right":"10%","top":"60px","bottom":"60px","width":"auto","height":"auto"},"xAxis":[{"selected":[],"title":{"show":true,"text":"","subtext":"","rotate":0,"textStyle":{"color":"#000000","fontSize":12,"fontFamily":""},"subtextStyle":{"color":"#000000","fontSize":12,"fontFamily":""},"left":"50%","bottom":"5px"},"axisTick":{"show":true},"axisLine":{"onZero":false},"scale":true,"axisLabel":{"show":true,"rotate":0,"textStyle":{"color":"#000000","fontSize":12,"fontFamily":""}},"zlevel":1}],"yAxis":[{"selected":[],"title":{"show":true,"text":"","subtext":"","rotate":-90,"textStyle":{"color":"#000000","fontSize":12,"fontFamily":""},"subtextStyle":{"color":"#000000","fontSize":12,"fontFamily":""},"left":"8px","top":"50%"},"axisTick":{"show":true},"axisLine":{"onZero":false},"scale":true,"axisLabel":{"show":true,"rotate":0,"textStyle":{"color":"#000000","fontSize":12,"fontFamily":""}},"zlevel":1}],"colorBy":[{"selected":[]}],"legend":{"show":true,"orientation":"horizontal","left":"50%","right":"auto","top":"10px","bottom":"auto","textStyle":{"color":"#000000","fontSize":12,"fontFamily":"","fontStyle":"normal","fontWeight":"normal","fontDecoration":"none"}},"noDataMessage":"","plotOptions":{"table":{"formatter":[]},"map":{"geoData":{}}},"source":{"dataType":"lazy","lazyData":[]},"guide":{"message":"Set data options using Chart Setting Button."}},"dataSource":{"selectable":true},"style":{},"group":"xvhxz7tvbzzxa8juac4enc6s"}],"layout":{"type":"panel","id":"default-1673490705152"}}],"full":[{"panel":[],"layout":{}}]}}},"fid":"fgsc3mcjze5p5kjy"},{"persist-mode":"auto","func":"selectColumnPython","name":"brightics.function.transform$select_column","context":"python","version":"3.6","param":{"input_cols":["Glucose","BloodPressure","SkinThickness","Insulin","BMI","DiabetesPedigreeFunction","Age","Outcome","is_preg"],"output_cols":["Glucose","BloodPressure","SkinThickness","Insulin","BMI","DiabetesPedigreeFunction","Age","Outcome","is_preg"],"output_types":["double","double","double","double","double","double","double","double","long"]},"inputs":{"table":"tz7fz6qmamhm87mh"},"outputs":{"out_table":"tvyypgfu6u82w7pv"},"meta":{"table":{"type":"table"},"out_table":{"type":"table"}},"display":{"label":"Select Column","diagram":{"position":{"x":2020,"y":320}},"sheet":{"in":{"partial":[{"panel":[{"id":"default-1673490835116","chartOption":{"colorSet":["#FD026C","#4682B8","#A5D22D","#F5CC0A","#FE8C01","#6B9494","#B97C46","#84ACD0","#C2E173","#F9DD5B","#FE569D","#FEB356","#9CB8B8","#D0A884","#2E6072","#6D8C1E","#A48806","#A90148","#A95E01","#476363","#7B532F"],"title":{"show":true,"text":"","subtext":"","rotate":0,"textStyle":{"color":"#000000","fontSize":12,"fontFamily":""},"subtextStyle":{"color":"#000000","fontSize":12,"fontFamily":""},"left":"50%","top":"0px"},"toolbar":{"show":false,"right":"8px","top":"8px","orientation":"horizontal","menu":{}},"chart":{"border":"1px #000000 none","background":"rgba(255, 255, 255,1)","animationDuration":1000,"type":"table"},"tooltip":{"triggerOn":"mousemove"},"grid":{"left":"10%","right":"10%","top":"60px","bottom":"60px","width":"auto","height":"auto"},"xAxis":[{"selected":[],"title":{"show":true,"text":"","subtext":"","rotate":0,"textStyle":{"color":"#000000","fontSize":12,"fontFamily":""},"subtextStyle":{"color":"#000000","fontSize":12,"fontFamily":""},"left":"50%","bottom":"5px"},"axisTick":{"show":true},"axisLine":{"onZero":false},"scale":true,"axisLabel":{"show":true,"rotate":0,"textStyle":{"color":"#000000","fontSize":12,"fontFamily":""}},"zlevel":1}],"yAxis":[{"selected":[],"title":{"show":true,"text":"","subtext":"","rotate":-90,"textStyle":{"color":"#000000","fontSize":12,"fontFamily":""},"subtextStyle":{"color":"#000000","fontSize":12,"fontFamily":""},"left":"8px","top":"50%"},"axisTick":{"show":true},"axisLine":{"onZero":false},"scale":true,"axisLabel":{"show":true,"rotate":0,"textStyle":{"color":"#000000","fontSize":12,"fontFamily":""}},"zlevel":1}],"colorBy":[{"selected":[]}],"legend":{"show":true,"orientation":"horizontal","left":"50%","right":"auto","top":"10px","bottom":"auto","textStyle":{"color":"#000000","fontSize":12,"fontFamily":"","fontStyle":"normal","fontWeight":"normal","fontDecoration":"none"}},"noDataMessage":"","plotOptions":{"table":{"formatter":[]},"map":{"geoData":{}}},"source":{"dataType":"lazy","lazyData":[]},"guide":{"message":"Set data options using Chart Setting Button."}},"dataSource":{"selectable":true},"style":{},"group":"yv8vqvxpn68aue2hqi3d6f8e"}],"layout":{"type":"panel","id":"default-1673490835116"}}],"full":[{"panel":[],"layout":{}}]},"out":{"partial":[{"panel":[{"id":"default-1673490835141","chartOption":{"colorSet":["#FD026C","#4682B8","#A5D22D","#F5CC0A","#FE8C01","#6B9494","#B97C46","#84ACD0","#C2E173","#F9DD5B","#FE569D","#FEB356","#9CB8B8","#D0A884","#2E6072","#6D8C1E","#A48806","#A90148","#A95E01","#476363","#7B532F"],"title":{"show":true,"text":"","subtext":"","rotate":0,"textStyle":{"color":"#000000","fontSize":12,"fontFamily":""},"subtextStyle":{"color":"#000000","fontSize":12,"fontFamily":""},"left":"50%","top":"0px"},"toolbar":{"show":false,"right":"8px","top":"8px","orientation":"horizontal","menu":{}},"chart":{"border":"1px #000000 none","background":"rgba(255, 255, 255,1)","animationDuration":1000,"type":"table"},"tooltip":{"triggerOn":"mousemove"},"grid":{"left":"10%","right":"10%","top":"60px","bottom":"60px","width":"auto","height":"auto"},"xAxis":[{"selected":[],"title":{"show":true,"text":"","subtext":"","rotate":0,"textStyle":{"color":"#000000","fontSize":12,"fontFamily":""},"subtextStyle":{"color":"#000000","fontSize":12,"fontFamily":""},"left":"50%","bottom":"5px"},"axisTick":{"show":true},"axisLine":{"onZero":false},"scale":true,"axisLabel":{"show":true,"rotate":0,"textStyle":{"color":"#000000","fontSize":12,"fontFamily":""}},"zlevel":1}],"yAxis":[{"selected":[],"title":{"show":true,"text":"","subtext":"","rotate":-90,"textStyle":{"color":"#000000","fontSize":12,"fontFamily":""},"subtextStyle":{"color":"#000000","fontSize":12,"fontFamily":""},"left":"8px","top":"50%"},"axisTick":{"show":true},"axisLine":{"onZero":false},"scale":true,"axisLabel":{"show":true,"rotate":0,"textStyle":{"color":"#000000","fontSize":12,"fontFamily":""}},"zlevel":1}],"colorBy":[{"selected":[]}],"legend":{"show":true,"orientation":"horizontal","left":"50%","right":"auto","top":"10px","bottom":"auto","textStyle":{"color":"#000000","fontSize":12,"fontFamily":"","fontStyle":"normal","fontWeight":"normal","fontDecoration":"none"}},"noDataMessage":"","plotOptions":{"table":{"formatter":[]},"map":{"geoData":{}}},"source":{"dataType":"lazy","lazyData":[]},"guide":{"message":"Set data options using Chart Setting Button."}},"dataSource":{"selectable":true},"style":{},"group":"3dc7vwku5yfhuthhw5xvph49"}],"layout":{"type":"panel","id":"default-1673490835141"}}],"full":[{"panel":[],"layout":{}}]}}},"fid":"fgwa6rahrnnftr2e"},{"persist-mode":"auto","func":"brightics.function.transform$split_data","name":"brightics.function.transform$split_data","param":{"train_ratio":8,"test_ratio":2,"random_state":123},"display":{"label":"Split Data","diagram":{"position":{"x":2270,"y":320}},"sheet":{"in":{"partial":[{"panel":[{"id":"default-1673490881784","chartOption":{"colorSet":["#FD026C","#4682B8","#A5D22D","#F5CC0A","#FE8C01","#6B9494","#B97C46","#84ACD0","#C2E173","#F9DD5B","#FE569D","#FEB356","#9CB8B8","#D0A884","#2E6072","#6D8C1E","#A48806","#A90148","#A95E01","#476363","#7B532F"],"title":{"show":true,"text":"","subtext":"","rotate":0,"textStyle":{"color":"#000000","fontSize":12,"fontFamily":""},"subtextStyle":{"color":"#000000","fontSize":12,"fontFamily":""},"left":"50%","top":"0px"},"toolbar":{"show":false,"right":"8px","top":"8px","orientation":"horizontal","menu":{}},"chart":{"border":"1px #000000 none","background":"rgba(255, 255, 255,1)","animationDuration":1000,"type":"table"},"tooltip":{"triggerOn":"mousemove"},"grid":{"left":"10%","right":"10%","top":"60px","bottom":"60px","width":"auto","height":"auto"},"xAxis":[{"selected":[],"title":{"show":true,"text":"","subtext":"","rotate":0,"textStyle":{"color":"#000000","fontSize":12,"fontFamily":""},"subtextStyle":{"color":"#000000","fontSize":12,"fontFamily":""},"left":"50%","bottom":"5px"},"axisTick":{"show":true},"axisLine":{"onZero":false},"scale":true,"axisLabel":{"show":true,"rotate":0,"textStyle":{"color":"#000000","fontSize":12,"fontFamily":""}},"zlevel":1}],"yAxis":[{"selected":[],"title":{"show":true,"text":"","subtext":"","rotate":-90,"textStyle":{"color":"#000000","fontSize":12,"fontFamily":""},"subtextStyle":{"color":"#000000","fontSize":12,"fontFamily":""},"left":"8px","top":"50%"},"axisTick":{"show":true},"axisLine":{"onZero":false},"scale":true,"axisLabel":{"show":true,"rotate":0,"textStyle":{"color":"#000000","fontSize":12,"fontFamily":""}},"zlevel":1}],"colorBy":[{"selected":[]}],"legend":{"show":true,"orientation":"horizontal","left":"50%","right":"auto","top":"10px","bottom":"auto","textStyle":{"color":"#000000","fontSize":12,"fontFamily":"","fontStyle":"normal","fontWeight":"normal","fontDecoration":"none"}},"noDataMessage":"","plotOptions":{"table":{"formatter":[]},"map":{"geoData":{}}},"source":{"dataType":"lazy","lazyData":[]},"guide":{"message":"Set data options using Chart Setting Button."}},"dataSource":{"selectable":true},"style":{},"group":"jx825j52ydimxan2kvtfh424"}],"layout":{"type":"panel","id":"default-1673490881784"}}],"full":[{"panel":[],"layout":{}}]},"out":{"partial":[{"panel":[{"id":"default-1673490881823","chartOption":{"colorSet":["#FD026C","#4682B8","#A5D22D","#F5CC0A","#FE8C01","#6B9494","#B97C46","#84ACD0","#C2E173","#F9DD5B","#FE569D","#FEB356","#9CB8B8","#D0A884","#2E6072","#6D8C1E","#A48806","#A90148","#A95E01","#476363","#7B532F"],"title":{"show":true,"text":"","subtext":"","rotate":0,"textStyle":{"color":"#000000","fontSize":12,"fontFamily":""},"subtextStyle":{"color":"#000000","fontSize":12,"fontFamily":""},"left":"50%","top":"0px"},"toolbar":{"show":false,"right":"8px","top":"8px","orientation":"horizontal","menu":{}},"chart":{"border":"1px #000000 none","background":"rgba(255, 255, 255,1)","animationDuration":1000,"type":"table"},"tooltip":{"triggerOn":"mousemove"},"grid":{"left":"10%","right":"10%","top":"60px","bottom":"60px","width":"auto","height":"auto"},"xAxis":[{"selected":[],"title":{"show":true,"text":"","subtext":"","rotate":0,"textStyle":{"color":"#000000","fontSize":12,"fontFamily":""},"subtextStyle":{"color":"#000000","fontSize":12,"fontFamily":""},"left":"50%","bottom":"5px"},"axisTick":{"show":true},"axisLine":{"onZero":false},"scale":true,"axisLabel":{"show":true,"rotate":0,"textStyle":{"color":"#000000","fontSize":12,"fontFamily":""}},"zlevel":1}],"yAxis":[{"selected":[],"title":{"show":true,"text":"","subtext":"","rotate":-90,"textStyle":{"color":"#000000","fontSize":12,"fontFamily":""},"subtextStyle":{"color":"#000000","fontSize":12,"fontFamily":""},"left":"8px","top":"50%"},"axisTick":{"show":true},"axisLine":{"onZero":false},"scale":true,"axisLabel":{"show":true,"rotate":0,"textStyle":{"color":"#000000","fontSize":12,"fontFamily":""}},"zlevel":1}],"colorBy":[{"selected":[]}],"legend":{"show":true,"orientation":"horizontal","left":"50%","right":"auto","top":"10px","bottom":"auto","textStyle":{"color":"#000000","fontSize":12,"fontFamily":"","fontStyle":"normal","fontWeight":"normal","fontDecoration":"none"}},"noDataMessage":"","plotOptions":{"table":{"formatter":[]},"map":{"geoData":{}}},"source":{"dataType":"lazy","lazyData":[]},"guide":{"message":"Set data options using Chart Setting Button."}},"dataSource":{"selectable":true},"style":{},"group":"yfkq7cufj8hv5i2hfzkubjxr"}],"layout":{"type":"panel","id":"default-1673490881823"}}],"full":[{"panel":[],"layout":{}}]}}},"meta":{"table":{"type":"table","desc":"Data in a table. ","optional":false},"train_table":{"type":"table","desc":"Training dataset in a table. "},"test_table":{"type":"table","desc":"Test dataset in a table. "}},"context":"python","version":"3.6","inputs":{"table":"tvyypgfu6u82w7pv"},"outputs":{"train_table":"t9junkutqnefptg4","test_table":"ta9yjmrfar3bp3zp"},"fid":"ftqw57p7y6cc9jcw"},{"persist-mode":"auto","func":"brightics.function.classification$logistic_regression_train","name":"brightics.function.classification$logistic_regression_train","param":{"fit_intercept":true,"penalty":"l2","solver":"liblinear","label_col":"Outcome","feature_cols":["Glucose","BloodPressure","SkinThickness","Insulin","BMI","DiabetesPedigreeFunction","Age","is_preg"],"random_state":123},"display":{"label":"Logistic Regression Train","diagram":{"position":{"x":2520,"y":320}},"sheet":{"in":{"partial":[{"panel":[{"id":"default-1673490918785","chartOption":{"colorSet":["#FD026C","#4682B8","#A5D22D","#F5CC0A","#FE8C01","#6B9494","#B97C46","#84ACD0","#C2E173","#F9DD5B","#FE569D","#FEB356","#9CB8B8","#D0A884","#2E6072","#6D8C1E","#A48806","#A90148","#A95E01","#476363","#7B532F"],"title":{"show":true,"text":"","subtext":"","rotate":0,"textStyle":{"color":"#000000","fontSize":12,"fontFamily":""},"subtextStyle":{"color":"#000000","fontSize":12,"fontFamily":""},"left":"50%","top":"0px"},"toolbar":{"show":false,"right":"8px","top":"8px","orientation":"horizontal","menu":{}},"chart":{"border":"1px #000000 none","background":"rgba(255, 255, 255,1)","animationDuration":1000,"type":"table"},"tooltip":{"triggerOn":"mousemove"},"grid":{"left":"10%","right":"10%","top":"60px","bottom":"60px","width":"auto","height":"auto"},"xAxis":[{"selected":[],"title":{"show":true,"text":"","subtext":"","rotate":0,"textStyle":{"color":"#000000","fontSize":12,"fontFamily":""},"subtextStyle":{"color":"#000000","fontSize":12,"fontFamily":""},"left":"50%","bottom":"5px"},"axisTick":{"show":true},"axisLine":{"onZero":false},"scale":true,"axisLabel":{"show":true,"rotate":0,"textStyle":{"color":"#000000","fontSize":12,"fontFamily":""}},"zlevel":1}],"yAxis":[{"selected":[],"title":{"show":true,"text":"","subtext":"","rotate":-90,"textStyle":{"color":"#000000","fontSize":12,"fontFamily":""},"subtextStyle":{"color":"#000000","fontSize":12,"fontFamily":""},"left":"8px","top":"50%"},"axisTick":{"show":true},"axisLine":{"onZero":false},"scale":true,"axisLabel":{"show":true,"rotate":0,"textStyle":{"color":"#000000","fontSize":12,"fontFamily":""}},"zlevel":1}],"colorBy":[{"selected":[]}],"legend":{"show":true,"orientation":"horizontal","left":"50%","right":"auto","top":"10px","bottom":"auto","textStyle":{"color":"#000000","fontSize":12,"fontFamily":"","fontStyle":"normal","fontWeight":"normal","fontDecoration":"none"}},"noDataMessage":"","plotOptions":{"table":{"formatter":[]},"map":{"geoData":{}}},"source":{"dataType":"lazy","lazyData":[]},"guide":{"message":"Set data options using Chart Setting Button."}},"dataSource":{"selectable":true},"style":{},"group":"7ntsfunt5kqsypd8st9fype4"}],"layout":{"type":"panel","id":"default-1673490918785"}}],"full":[{"panel":[],"layout":{}}]},"out":{"partial":[{"panel":[],"layout":{}}],"full":[{"panel":[],"layout":{}}]}}},"meta":{"table":{"type":"table"},"model":{"type":"model"}},"context":"python","version":"3.6","inputs":{"table":"t9junkutqnefptg4"},"outputs":{"model":"theucm3zp5fzmhvz"},"fid":"fmrpjm5ekzsa8fug"},{"persist-mode":"auto","func":"brightics.function.classification$logistic_regression_predict","name":"brightics.function.classification$logistic_regression_predict","param":{"output_log_prob":false,"suffix":"label"},"display":{"label":"Logistic Regression Predict","diagram":{"position":{"x":2770,"y":320}},"sheet":{"in":{"partial":[{"panel":[{"id":"default-1673490976435","chartOption":{"colorSet":["#FD026C","#4682B8","#A5D22D","#F5CC0A","#FE8C01","#6B9494","#B97C46","#84ACD0","#C2E173","#F9DD5B","#FE569D","#FEB356","#9CB8B8","#D0A884","#2E6072","#6D8C1E","#A48806","#A90148","#A95E01","#476363","#7B532F"],"title":{"show":true,"text":"","subtext":"","rotate":0,"textStyle":{"color":"#000000","fontSize":12,"fontFamily":""},"subtextStyle":{"color":"#000000","fontSize":12,"fontFamily":""},"left":"50%","top":"0px"},"toolbar":{"show":false,"right":"8px","top":"8px","orientation":"horizontal","menu":{}},"chart":{"border":"1px #000000 none","background":"rgba(255, 255, 255,1)","animationDuration":1000,"type":"table"},"tooltip":{"triggerOn":"mousemove"},"grid":{"left":"10%","right":"10%","top":"60px","bottom":"60px","width":"auto","height":"auto"},"xAxis":[{"selected":[],"title":{"show":true,"text":"","subtext":"","rotate":0,"textStyle":{"color":"#000000","fontSize":12,"fontFamily":""},"subtextStyle":{"color":"#000000","fontSize":12,"fontFamily":""},"left":"50%","bottom":"5px"},"axisTick":{"show":true},"axisLine":{"onZero":false},"scale":true,"axisLabel":{"show":true,"rotate":0,"textStyle":{"color":"#000000","fontSize":12,"fontFamily":""}},"zlevel":1}],"yAxis":[{"selected":[],"title":{"show":true,"text":"","subtext":"","rotate":-90,"textStyle":{"color":"#000000","fontSize":12,"fontFamily":""},"subtextStyle":{"color":"#000000","fontSize":12,"fontFamily":""},"left":"8px","top":"50%"},"axisTick":{"show":true},"axisLine":{"onZero":false},"scale":true,"axisLabel":{"show":true,"rotate":0,"textStyle":{"color":"#000000","fontSize":12,"fontFamily":""}},"zlevel":1}],"colorBy":[{"selected":[]}],"legend":{"show":true,"orientation":"horizontal","left":"50%","right":"auto","top":"10px","bottom":"auto","textStyle":{"color":"#000000","fontSize":12,"fontFamily":"","fontStyle":"normal","fontWeight":"normal","fontDecoration":"none"}},"noDataMessage":"","plotOptions":{"table":{"formatter":[]},"map":{"geoData":{}}},"source":{"dataType":"lazy","lazyData":[]},"guide":{"message":"Set data options using Chart Setting Button."}},"dataSource":{"selectable":true},"style":{},"group":"zgc75zyp659fi9cppcxnfcbw"}],"layout":{"type":"panel","id":"default-1673490976435"}}],"full":[{"panel":[],"layout":{}}]},"out":{"partial":[{"panel":[{"id":"default-1673490976462","chartOption":{"colorSet":["#FD026C","#4682B8","#A5D22D","#F5CC0A","#FE8C01","#6B9494","#B97C46","#84ACD0","#C2E173","#F9DD5B","#FE569D","#FEB356","#9CB8B8","#D0A884","#2E6072","#6D8C1E","#A48806","#A90148","#A95E01","#476363","#7B532F"],"title":{"show":true,"text":"","subtext":"","rotate":0,"textStyle":{"color":"#000000","fontSize":12,"fontFamily":""},"subtextStyle":{"color":"#000000","fontSize":12,"fontFamily":""},"left":"50%","top":"0px"},"toolbar":{"show":false,"right":"8px","top":"8px","orientation":"horizontal","menu":{}},"chart":{"border":"1px #000000 none","background":"rgba(255, 255, 255,1)","animationDuration":1000,"type":"table"},"tooltip":{"triggerOn":"mousemove"},"grid":{"left":"10%","right":"10%","top":"60px","bottom":"60px","width":"auto","height":"auto"},"xAxis":[{"selected":[],"title":{"show":true,"text":"","subtext":"","rotate":0,"textStyle":{"color":"#000000","fontSize":12,"fontFamily":""},"subtextStyle":{"color":"#000000","fontSize":12,"fontFamily":""},"left":"50%","bottom":"5px"},"axisTick":{"show":true},"axisLine":{"onZero":false},"scale":true,"axisLabel":{"show":true,"rotate":0,"textStyle":{"color":"#000000","fontSize":12,"fontFamily":""}},"zlevel":1}],"yAxis":[{"selected":[],"title":{"show":true,"text":"","subtext":"","rotate":-90,"textStyle":{"color":"#000000","fontSize":12,"fontFamily":""},"subtextStyle":{"color":"#000000","fontSize":12,"fontFamily":""},"left":"8px","top":"50%"},"axisTick":{"show":true},"axisLine":{"onZero":false},"scale":true,"axisLabel":{"show":true,"rotate":0,"textStyle":{"color":"#000000","fontSize":12,"fontFamily":""}},"zlevel":1}],"colorBy":[{"selected":[]}],"legend":{"show":true,"orientation":"horizontal","left":"50%","right":"auto","top":"10px","bottom":"auto","textStyle":{"color":"#000000","fontSize":12,"fontFamily":"","fontStyle":"normal","fontWeight":"normal","fontDecoration":"none"}},"noDataMessage":"","plotOptions":{"table":{"formatter":[]},"map":{"geoData":{}}},"source":{"dataType":"lazy","lazyData":[]},"guide":{"message":"Set data options using Chart Setting Button."}},"dataSource":{"selectable":true},"style":{},"group":"ie7rfhbhzgmy8m235jpq3999"}],"layout":{"type":"panel","id":"default-1673490976462"}}],"full":[{"panel":[],"layout":{}}]}}},"meta":{"table":{"type":"table"},"model":{"type":"model"},"out_table":{"type":"table"}},"context":"python","version":"3.6","inputs":{"table":"ta9yjmrfar3bp3zp","model":"theucm3zp5fzmhvz"},"outputs":{"out_table":"tvv29d26wbdbpjtj"},"fid":"fgvnmyv27azre2zp"},{"persist-mode":"auto","func":"brightics.function.evaluation$evaluate_classification","name":"brightics.function.evaluation$evaluate_classification","param":{"average":"None","label_col":"Outcome","prediction_col":"prediction"},"display":{"label":"Evaluate Classification","diagram":{"position":{"x":3020,"y":320}},"sheet":{"in":{"partial":[{"panel":[{"id":"default-1673491071847","chartOption":{"colorSet":["#FD026C","#4682B8","#A5D22D","#F5CC0A","#FE8C01","#6B9494","#B97C46","#84ACD0","#C2E173","#F9DD5B","#FE569D","#FEB356","#9CB8B8","#D0A884","#2E6072","#6D8C1E","#A48806","#A90148","#A95E01","#476363","#7B532F"],"title":{"show":true,"text":"","subtext":"","rotate":0,"textStyle":{"color":"#000000","fontSize":12,"fontFamily":""},"subtextStyle":{"color":"#000000","fontSize":12,"fontFamily":""},"left":"50%","top":"0px"},"toolbar":{"show":false,"right":"8px","top":"8px","orientation":"horizontal","menu":{}},"chart":{"border":"1px #000000 none","background":"rgba(255, 255, 255,1)","animationDuration":1000,"type":"table"},"tooltip":{"triggerOn":"mousemove"},"grid":{"left":"10%","right":"10%","top":"60px","bottom":"60px","width":"auto","height":"auto"},"xAxis":[{"selected":[],"title":{"show":true,"text":"","subtext":"","rotate":0,"textStyle":{"color":"#000000","fontSize":12,"fontFamily":""},"subtextStyle":{"color":"#000000","fontSize":12,"fontFamily":""},"left":"50%","bottom":"5px"},"axisTick":{"show":true},"axisLine":{"onZero":false},"scale":true,"axisLabel":{"show":true,"rotate":0,"textStyle":{"color":"#000000","fontSize":12,"fontFamily":""}},"zlevel":1}],"yAxis":[{"selected":[],"title":{"show":true,"text":"","subtext":"","rotate":-90,"textStyle":{"color":"#000000","fontSize":12,"fontFamily":""},"subtextStyle":{"color":"#000000","fontSize":12,"fontFamily":""},"left":"8px","top":"50%"},"axisTick":{"show":true},"axisLine":{"onZero":false},"scale":true,"axisLabel":{"show":true,"rotate":0,"textStyle":{"color":"#000000","fontSize":12,"fontFamily":""}},"zlevel":1}],"colorBy":[{"selected":[]}],"legend":{"show":true,"orientation":"horizontal","left":"50%","right":"auto","top":"10px","bottom":"auto","textStyle":{"color":"#000000","fontSize":12,"fontFamily":"","fontStyle":"normal","fontWeight":"normal","fontDecoration":"none"}},"noDataMessage":"","plotOptions":{"table":{"formatter":[]},"map":{"geoData":{}}},"source":{"dataType":"lazy","lazyData":[]},"guide":{"message":"Set data options using Chart Setting Button."}},"dataSource":{"selectable":true},"style":{},"group":"2zzdjqefj2w9gmjrwfy625rm"}],"layout":{"type":"panel","id":"default-1673491071847"}}],"full":[{"panel":[],"layout":{}}]},"out":{"partial":[{"panel":[],"layout":{}}],"full":[{"panel":[],"layout":{}}]}}},"meta":{"table":{"type":"table"},"result":{"type":"model"}},"context":"python","version":"3.6","inputs":{"table":"tvv29d26wbdbpjtj"},"outputs":{"result":"tk494nabpbj3r8uf"},"fid":"fbdqcmxza37f9cc6"}],"links":[{"kid":"k4hytgk8tubydfs7","sourceFid":"feg8kevp8sy37kg2","targetFid":"fjdxg652kx56mfab"},{"kid":"kdv9qaf5yyqd7csc","sourceFid":"fjdxg652kx56mfab","targetFid":"f429cefuqvh6w4qn"},{"kid":"kwuxv4krmtjxfcw3","sourceFid":"f429cefuqvh6w4qn","targetFid":"fhqcqq3qpr9887es"},{"kid":"kny24mpz7amzrh4n","sourceFid":"fhqcqq3qpr9887es","targetFid":"fdwshe6xt7kg25x7"},{"kid":"kkbgjut8phby8feq","sourceFid":"fdwshe6xt7kg25x7","targetFid":"fc8scjrg3qda422p"},{"kid":"kgjfng3apsfy5ap6","sourceFid":"feg8kevp8sy37kg2","targetFid":"fatagea557qpsab2"},{"kid":"kz8xyttxew275ygz","sourceFid":"fatagea557qpsab2","targetFid":"fep6yjn3aqe5uyqp"},{"kid":"kuzpv9vbg2mdyjj2","sourceFid":"fep6yjn3aqe5uyqp","targetFid":"fa3yknc9pxrjpy7q"},{"kid":"kdrsuk7ztsrzqbuy","sourceFid":"fhtemahf6g729jpd","targetFid":"fg5b47djj6ad9fts"},{"kid":"knt7q7fup4wyhu4b","sourceFid":"fg5b47djj6ad9fts","targetFid":"frj24w72rw2aeymk"},{"kid":"k7hw3qagv7c2um4g","sourceFid":"frj24w72rw2aeymk","targetFid":"f8q29cfg9sbzykb7"},{"kid":"kftr5ttyuxgsfej8","sourceFid":"f8q29cfg9sbzykb7","targetFid":"fub4u795dqz49f7j"},{"kid":"k5a8xehym8znrahh","sourceFid":"fub4u795dqz49f7j","targetFid":"fswyhe7yywct6xfx"},{"kid":"khczbw4pttpebjvt","sourceFid":"fswyhe7yywct6xfx","targetFid":"fgsc3mcjze5p5kjy"},{"kid":"kqvr5ppvya3d5gre","sourceFid":"fgsc3mcjze5p5kjy","targetFid":"fgwa6rahrnnftr2e"},{"kid":"kf2rg9796j48sayg","sourceFid":"fgwa6rahrnnftr2e","targetFid":"ftqw57p7y6cc9jcw"},{"kid":"kuwdv7fm4w4uggqn","sourceFid":"ftqw57p7y6cc9jcw","targetFid":"fmrpjm5ekzsa8fug"},{"kid":"kym6nxvabm5kbjys","sourceFid":"fmrpjm5ekzsa8fug","targetFid":"fgvnmyv27azre2zp"},{"kid":"kuj2nt9styw9tywq","sourceFid":"ftqw57p7y6cc9jcw","targetFid":"fgvnmyv27azre2zp"},{"kid":"k6nj2znpd424saey","sourceFid":"fgvnmyv27azre2zp","targetFid":"fbdqcmxza37f9cc6"}],"preferences":{},"variables":{},"variableRef":[],"innerModels":{},"inData":[],"outData":[],"sheets":[],"param":{},"report":{"title":"Report","data":[]},"persist-mode":"auto","diagram":{"PAPER_MARGIN_TOP":20,"PAPER_MARGIN_LEFT":20,"FIGURE_WIDTH":195,"FIGURE_HEIGHT":60,"GAP_WIDTH":55,"GAP_HEIGHT":40},"problemList":[]},"description":"","model_image":null,"creator":"brightics@samsung.com","create_time":"2023-01-12T01:14:30.000Z","updater":"brightics@samsung.com","update_time":"2023-01-12T02:54:31.000Z","event_key":"2023_025431.000","type":"data","tag":"null","from_version":"0.0"}}],"version":"3.6"}